,suicides_per_100k
8733,3.59
7100,0.19
12625,4.49
11704,5.57
4984,4.54
2759,0.3
10724,0.3
11461,0.17
1452,0.0
4510,2.55
7631,4.08
11470,6.01
7946,0.0
8452,6.1
2271,0.0
6518,4.71
4742,6.31
5054,0.37
9611,4.68
3601,3.65
1524,0.0
10310,4.63
5848,1.44
3640,2.29
6901,0.0
4397,1.29
6060,1.05
3524,2.43
4800,0.89
1681,3.91
3214,0.36
12761,5.6
8241,4.62
8614,1.75
4372,1.41
4220,2.0
4775,3.06
201,0.0
8273,2.05
4567,0.0
11570,5.16
11706,0.0
10987,6.21
4692,1.64
10083,0.0
3449,0.25
1314,0.46
8270,4.03
1293,3.62
1946,0.0
12202,6.29
6107,0.0
8040,0.0
9886,0.66
5265,1.32
10773,0.0
1478,1.12
10561,2.34
369,0.0
8254,0.0
12035,5.0
10801,0.0
9019,0.39
10574,0.68
10376,0.0
7592,0.0
11589,4.02
10922,0.42
4627,0.0
7222,0.0
7346,1.62
355,0.0
13121,3.02
4798,3.22
12519,0.63
11136,0.19
8463,1.2
6363,3.59
916,3.6
1692,2.38
8848,4.91
6674,2.69
6109,2.9
12335,0.47
11788,0.69
125,1.8
3951,2.37
760,1.42
5006,0.58
8263,0.92
8307,0.0
6000,1.18
9648,3.68
9557,4.22
5922,1.64
7566,0.83
3346,1.85
12586,2.18
800,0.0
7830,4.83
928,1.63
4912,0.31
6034,1.08
6790,2.53
11994,1.29
11731,0.23
11173,0.45
9345,2.1
9870,2.94
5359,0.19
1782,0.0
11712,0.69
1384,1.69
4079,3.23
7553,0.0
401,0.0
5719,1.23
11385,6.29
3407,0.0
6701,0.21
6100,0.0
4865,0.0
1648,2.98
11258,0.18
718,0.93
9372,5.38
5108,2.64
12434,3.67
4278,1.5
9556,6.13
11609,6.22
5402,0.0
8578,1.8
12809,3.53
9606,0.91
4558,0.0
12404,1.47
9803,0.62
4443,3.67
3388,2.37
3987,4.11
6590,2.0
3737,4.94
669,1.0
8081,3.77
6346,3.95
9629,1.53
11954,3.53
7841,6.27
9996,2.1
5932,0.85
11580,3.91
5053,2.73
1559,0.0
1130,5.6
3618,1.16
7703,0.5
903,0.0
488,0.0
6573,0.17
10706,2.64
7144,0.38
6337,1.15
5688,1.2
7502,1.28
7236,0.0
6835,4.26
1687,0.0
5437,0.0
8414,6.05
7623,1.94
8887,4.59
11560,4.16
9593,0.89
5616,0.0
174,0.0
4491,1.63
10210,1.91
1343,2.02
3605,5.8
9924,0.17
2094,0.17
5585,0.0
6198,5.15
8759,0.11
8198,0.0
75,1.59
6260,0.0
41,0.0
4898,1.27
12701,4.55
4688,3.74
4112,5.16
9253,0.6
2904,0.65
12608,0.15
5068,0.23
4430,2.54
11406,3.24
11247,0.04
2234,0.0
6464,5.28
5227,2.61
5782,2.78
3616,5.73
5643,0.0
4540,3.36
6620,3.84
10203,1.48
11343,3.48
1810,3.45
9977,2.25
12110,3.71
9584,0.94
4726,0.17
6617,0.31
4733,3.65
8673,0.0
7727,2.22
6724,6.0
9753,4.21
4895,3.72
9111,0.0
8884,1.42
12176,1.18
11364,3.9
94,4.9
5192,2.21
9872,0.25
12330,3.54
2486,1.89
1806,0.0
676,0.58
9565,1.3
1366,1.42
6700,0.28
7527,1.38
2505,2.75
10799,0.0
5232,0.0
2354,0.0
11182,1.1
3237,3.31
6055,0.3
9058,6.31
6344,0.0
595,5.5
9048,1.31
12757,4.25
3170,0.41
4297,1.2
1119,6.31
4127,1.48
4118,4.53
4181,1.94
12901,1.19
13095,0.36
13076,0.41
11080,0.0
11576,1.96
1582,0.0
4851,5.68
6504,3.64
3033,3.48
1067,0.0
12292,1.63
12630,0.03
1730,0.0
2225,0.0
9671,4.35
2425,4.78
12868,3.6
2844,0.46
12401,1.64
5638,0.0
471,0.0
10131,0.66
5870,1.74
8264,0.0
4045,0.0
248,0.0
2936,0.88
2626,2.62
10206,0.0
2439,0.22
2675,3.85
486,0.0
8669,0.0
9059,4.98
3672,0.12
10917,3.86
5173,4.67
454,0.0
4663,1.24
6541,1.83
11990,6.09
1117,0.54
11543,0.0
11694,0.55
625,4.91
2276,0.0
7041,0.0
10596,1.1
2814,4.03
6017,1.13
1485,4.24
2680,4.82
6884,1.16
6359,2.91
4385,0.9
13111,6.04
10668,0.0
4143,4.23
2203,0.0
8860,2.17
11584,6.1
5516,0.0
7062,0.37
4210,1.1
12995,2.24
4517,2.86
3409,2.2
4242,1.19
1116,6.2
4655,0.63
600,0.55
12721,0.06
9220,0.64
7185,6.13
7400,0.0
4286,6.04
1334,3.64
11877,3.39
3325,1.9
5893,3.41
8987,2.02
9070,5.9
360,0.0
11464,5.62
13071,0.57
106,5.64
9366,2.76
3571,1.99
9848,3.15
3575,0.28
5796,0.32
7916,0.0
7109,0.3
1231,0.56
7808,0.0
1961,0.0
5972,0.0
6759,3.91
6451,5.95
11964,0.0
8149,4.71
3247,1.36
11948,2.01
6906,3.77
11262,2.3
9391,1.62
7126,0.37
5702,0.15
5175,3.22
12618,4.31
1499,1.93
7800,3.92
688,2.75
4422,0.79
12183,0.68
8524,0.83
6250,0.0
8560,1.06
2786,1.78
8936,1.04
11366,1.48
10010,0.0
4647,0.63
720,3.55
4710,0.38
7192,3.65
4391,0.68
12359,0.76
12053,0.0
3590,5.24
8041,0.0
714,3.66
12402,0.48
5369,0.0
2644,0.4
926,3.29
11691,4.65
7605,0.0
4209,1.69
332,0.0
6969,0.0
8397,0.0
5787,0.32
8796,5.13
8121,5.24
11573,0.0
9052,0.0
7589,0.0
7291,0.0
6653,0.95
2945,2.12
9666,0.2
767,1.6
6847,1.49
8470,5.79
9986,0.0
11350,2.06
9209,3.16
12071,0.0
11037,4.9
8780,5.13
11537,2.67
4927,4.43
8365,2.04
222,0.0
2878,2.66
10052,2.97
5623,0.0
6090,3.42
7191,1.68
12675,3.49
3160,1.06
4011,2.34
11401,0.53
11097,1.06
4270,2.33
6148,4.78
6097,4.83
10752,0.0
12664,0.1
1414,0.4
12384,5.35
5610,0.0
3223,1.86
8610,0.93
1139,5.95
7779,3.99
3586,0.32
4792,0.34
3406,0.57
3714,2.45
727,5.21
4752,3.48
7453,2.34
806,1.19
560,3.33
9785,2.95
5780,4.75
9796,2.32
6468,0.32
11285,2.8
10495,0.35
2621,2.28
12259,0.37
2032,2.79
5721,0.0
1325,4.03
4155,4.85
10007,1.43
8587,1.14
1777,0.0
8977,2.3
13004,0.0
3608,0.4
1652,0.0
2020,0.37
2490,2.61
12994,5.82
5518,0.0
8676,0.0
8086,0.0
795,1.22
704,0.49
583,5.1
3636,1.5
10328,0.0
4282,1.86
12555,6.06
13038,5.16
4523,1.47
10182,1.6
8067,3.66
1758,0.0
7491,1.0
2243,0.0
11931,4.7
9560,1.84
7614,1.06
12221,3.71
6270,0.0
107,5.29
11422,0.32
13017,0.83
1852,2.66
2084,0.32
10064,4.01
1795,4.0
4253,1.56
12180,0.94
12124,1.18
11524,3.04
8293,1.02
10219,0.74
5884,0.16
6522,0.2
11520,0.0
2071,5.49
368,0.0
2516,0.38
12877,0.34
10754,0.0
10930,6.25
734,0.0
8359,4.26
1424,0.64
9825,0.51
1720,0.0
5630,0.0
10686,2.97
10699,0.26
7369,1.56
3273,1.45
10566,0.58
1620,0.0
12896,1.07
2533,2.13
12810,1.17
11270,0.47
586,2.59
3477,0.0
9148,1.61
9683,4.14
1650,1.16
3918,0.16
5938,5.07
9975,4.88
3749,2.44
11021,5.75
8217,0.0
478,0.0
12146,2.11
11152,0.06
8277,1.04
3733,2.3
8194,0.0
388,0.0
6342,1.36
6299,4.36
12138,1.12
12773,3.81
8014,0.0
5891,0.0
239,0.0
4446,6.28
724,1.06
12537,1.89
6568,3.29
3931,3.88
9928,2.93
12978,5.86
12514,1.92
8133,0.0
331,0.0
8106,0.0
2665,3.14
3859,0.0
10503,2.67
10294,1.3
494,0.0
7639,0.59
6224,4.74
891,0.32
4855,0.55
2074,4.82
11604,1.91
3885,2.93
12069,2.79
510,0.0
7603,0.0
2333,3.49
1390,0.47
9037,4.7
13063,2.86
3172,5.96
5451,0.0
1626,0.0
8152,0.0
12029,5.39
12879,3.64
3835,5.96
176,5.23
12027,0.0
12716,3.56
11188,0.14
8526,0.51
9678,0.28
10476,6.09
6048,1.22
8373,0.0
9231,2.43
10800,0.0
12672,0.11
1145,0.52
1608,5.6
2762,3.96
2966,1.74
3154,1.04
9278,2.87
3335,0.97
11430,0.09
9105,0.0
1235,1.07
5374,1.75
3958,2.29
9519,1.04
4409,0.89
9110,0.0
1242,1.31
12067,3.26
2543,2.01
1751,0.0
2356,0.0
6714,4.48
683,0.82
5835,1.84
5486,0.0
12355,3.1
4449,5.21
11425,5.35
2180,0.0
11822,3.75
2988,2.13
9759,1.86
5309,6.15
3006,2.0
5168,1.36
8326,6.13
6651,2.79
1337,4.51
6152,0.0
9700,0.22
2467,3.05
1816,0.0
5889,0.42
3852,6.27
8292,1.06
9555,1.18
10204,1.4
5742,0.34
5182,5.65
11686,0.19
3279,1.53
7525,1.72
3376,1.03
9275,0.0
8743,0.33
5970,2.25
8442,6.13
2087,0.65
12257,1.75
1814,0.0
5146,5.37
5269,0.0
6351,5.16
1983,0.0
3302,0.68
4923,0.34
3811,2.94
9791,2.71
609,5.02
6287,0.0
2674,5.74
9518,1.52
123,3.16
6569,3.13
3106,1.05
199,0.0
66,5.58
5855,4.77
6374,6.06
9619,0.8
11421,1.21
2600,1.93
6551,2.69
11266,0.69
2569,2.37
749,3.75
2223,0.0
4724,4.59
7572,2.12
6681,1.55
216,0.0
13052,1.3
1310,1.2
7778,4.22
3635,2.29
6211,4.93
1574,0.0
2874,0.65
11632,0.0
1033,0.0
7811,3.02
9551,2.24
463,0.0
4629,0.32
13066,6.19
4333,1.05
3462,1.23
10507,4.36
12862,3.71
7092,5.25
8146,0.0
10351,1.6
4600,0.0
5711,0.0
1898,2.58
7874,0.0
11703,0.0
2132,0.16
12477,4.96
6027,2.17
5484,0.0
11551,4.48
13069,3.94
1791,0.0
3568,0.0
13010,0.41
9053,0.0
3391,0.0
4476,3.19
7829,0.0
10888,0.48
8536,1.52
4907,1.4
4108,0.0
4620,3.98
8240,5.74
2037,4.1
12637,0.11
5429,0.0
9782,1.2
2324,3.41
6169,0.0
10177,5.43
6734,0.04
11076,0.14
9602,2.51
9056,0.63
5420,0.0
11498,1.22
5208,5.27
11536,4.67
3665,2.09
6132,3.69
11164,0.06
3563,2.48
4191,0.85
2560,0.31
5245,1.27
5771,1.95
2104,5.45
5609,0.0
11431,6.25
12117,0.4
1757,0.0
1616,0.0
3963,2.14
2606,2.06
5666,5.58
4097,1.68
1437,0.28
9238,2.33
4685,5.88
6145,0.0
8200,0.0
8719,2.3
578,4.12
6355,2.39
6799,1.41
11981,6.06
8055,0.0
11293,0.32
5803,1.63
1632,0.0
4481,4.31
11071,0.59
791,5.84
11288,1.69
11388,1.69
3683,0.59
7933,0.0
10474,1.78
9291,0.0
2266,0.0
12354,3.1
3398,0.0
9081,4.2
1787,4.17
13073,5.36
11682,0.58
6182,0.0
6246,0.0
347,0.0
5086,0.25
5807,0.31
12116,0.41
9746,0.09
8105,1.76
10199,6.18
12190,5.2
11790,4.72
10818,0.0
12823,0.26
359,0.0
4361,1.72
589,4.94
11539,5.52
12529,1.56
8915,0.0
4473,0.0
10071,3.86
6327,0.0
9670,4.55
363,0.0
6515,2.12
460,0.0
741,2.03
2186,0.0
6252,0.0
2646,3.17
2072,0.48
5723,6.3
3216,1.72
9516,2.25
8162,0.0
6079,1.3
2311,0.0
8942,6.07
12072,4.53
5213,0.62
5452,0.0
1936,0.0
192,0.0
2800,0.29
9588,3.42
7494,0.0
3492,0.0
8749,0.33
6435,0.69
8022,3.61
4979,0.8
889,0.5
3119,3.35
2583,2.46
9875,2.85
5112,5.56
5634,0.0
8392,0.0
6710,3.23
2209,0.0
9988,4.2
10552,1.84
12093,0.0
9889,3.97
12635,2.87
11112,0.37
4483,0.0
12611,3.97
11030,1.37
3239,1.09
92,1.05
5350,1.21
11481,2.29
3870,5.07
10414,0.0
2647,2.66
885,1.92
6139,0.21
2767,4.54
4996,0.43
7473,0.0
9039,0.0
4254,1.11
12516,1.86
9007,6.2
9657,5.22
254,0.0
13029,4.05
9068,0.32
7920,0.0
1286,0.62
7786,4.15
3380,2.48
3657,0.49
2432,0.22
1767,0.0
1744,0.0
10674,3.26
1490,1.61
8215,3.37
12647,4.1
1709,1.29
5257,1.12
8474,1.03
9591,2.17
10732,0.0
10416,4.22
9409,2.62
2713,4.63
11985,3.6
11286,2.52
4013,0.0
1996,0.0
628,0.82
11713,0.49
11696,6.14
3151,1.98
3573,1.53
10894,0.0
3113,2.47
2002,1.01
1776,0.0
4424,2.58
9953,1.16
2545,0.25
12410,2.86
9667,0.14
12049,6.12
11978,3.57
11023,0.0
9166,0.55
5127,0.4
8174,0.0
13059,0.29
198,0.0
11748,3.3
8822,6.28
2367,0.0
2107,5.03
3323,0.9
12395,1.77
9559,3.36
4640,0.32
10164,3.09
11906,2.67
7133,0.48
7979,0.0
4364,3.81
2441,5.05
3722,2.47
2044,1.8
9228,0.0
6332,2.38
214,0.0
6914,0.0
10659,5.76
9879,2.24
5268,0.38
6277,0.0
51,2.11
6222,0.0
8139,0.0
1756,0.0
6002,0.0
12897,0.42
2683,6.24
7627,0.0
2702,5.97
4605,0.0
3157,3.77
8833,0.4
7768,0.0
9981,4.42
5122,4.29
3721,5.54
5355,2.65
1328,5.12
12019,0.0
1879,0.0
6310,0.99
2667,4.56
7177,4.24
9358,0.0
2896,4.39
4548,0.0
6513,5.02
8033,0.0
12899,4.49
6477,4.21
12653,3.69
10983,0.49
7940,3.77
2260,0.0
781,4.57
643,4.7
4817,1.86
1684,1.68
6979,0.49
11393,2.66
10695,0.0
7043,0.0
11250,2.69
13000,0.78
2302,2.88
2943,3.19
7590,0.0
2191,0.0
3185,1.13
7880,0.0
6183,0.0
9991,0.18
1785,0.0
11070,1.04
9545,2.61
8935,4.16
13133,5.79
3676,0.58
5651,0.0
5534,0.0
7116,5.51
5950,0.92
9173,0.0
561,2.27
735,0.0
10155,0.0
12517,1.82
7884,0.0
1809,4.17
4072,0.3
3314,0.87
7330,4.12
7376,0.0
10630,0.0
6240,4.81
4962,0.3
9834,6.02
8692,0.0
9754,2.67
9741,1.15
11534,0.0
7288,0.0
12957,0.39
457,0.0
1065,0.0
12799,0.41
9904,0.3
4001,0.37
9896,2.12
2205,0.0
1327,0.24
12468,2.47
4664,0.32
5595,0.0
9832,0.89
11347,0.09
8374,0.0
12986,1.14
11550,4.92
7327,0.0
3304,2.69
12979,1.12
877,1.8
3583,6.0
4954,4.21
4140,0.56
7606,6.01
4714,0.11
2694,5.63
8211,0.0
4816,2.17
11479,4.87
7384,0.0
10538,4.23
12451,2.21
1858,0.0
6042,3.53
10785,0.0
4387,5.01
867,2.54
8666,0.0
2328,0.0
11523,5.91
3272,1.66
4410,0.43
7325,0.0
7268,0.0
6994,0.0
6935,0.0
2992,2.07
10090,1.45
8892,4.2
6033,3.39
7131,0.44
8557,1.68
11309,3.21
1080,0.0
9863,6.06
6909,0.56
2128,0.16
695,2.38
5107,2.65
4940,1.14
5862,0.29
12705,2.65
4171,0.92
9514,4.36
6144,0.0
6015,2.34
1673,0.0
4917,3.13
2958,2.78
5707,1.21
4095,4.81
12853,0.49
10880,0.0
1539,0.0
8252,3.85
7320,2.1
690,0.58
11327,0.22
9389,1.77
2308,0.0
7575,1.26
2552,0.32
634,1.05
6924,0.0
10186,3.12
440,0.0
7118,0.29
11256,0.43
4537,0.0
2753,1.94
8771,0.61
9417,5.84
5621,0.0
12251,2.25
10976,1.99
5493,0.0
121,3.24
4381,5.23
985,0.0
11325,1.68
9865,3.76
2035,2.49
4588,0.0
6214,0.0
9779,0.12
6157,0.0
12009,0.7
9902,3.26
12473,0.0
11135,0.25
9681,4.43
8952,2.35
8642,0.67
4349,1.72
128,5.07
8341,3.81
6560,1.03
7364,0.0
11677,0.4
12129,0.31
11555,0.0
6798,2.53
9682,4.21
9749,2.46
1156,5.05
2242,0.0
9538,2.33
12989,0.37
6533,4.16
11951,0.29
13024,1.87
442,0.0
8426,1.12
5169,1.35
7072,0.0
9091,2.34
7721,4.01
9542,0.0
3166,1.09
8423,6.11
2351,6.3
2866,2.8
3779,0.0
3796,0.0
4557,0.0
2216,0.0
12889,4.0
5022,0.76
10482,2.72
12016,3.96
221,0.0
9102,1.63
3670,0.12
8691,0.0
7220,0.0
7004,0.0
7988,4.13
12756,5.71
11482,2.16
6298,4.67
7123,0.91
5449,0.0
6353,3.0
3594,4.66
9708,1.4
1570,0.0
6893,0.0
189,3.09
4754,0.14
6340,5.75
4358,4.85
12829,0.31
4078,3.71
1394,5.46
8416,1.39
12758,1.02
8107,0.0
9615,3.12
8531,1.06
8672,0.0
3482,1.56
9427,0.0
12028,0.0
1530,0.0
4743,3.57
1965,0.0
11352,0.04
3663,2.6
11492,1.99
12314,1.14
5191,4.21
9310,4.73
3800,2.0
7331,2.4
8482,0.93
2599,2.21
6292,0.0
3312,1.43
11652,5.19
7905,0.0
453,0.0
12320,3.0
983,0.0
4802,0.0
341,0.0
10874,0.0
11039,0.0
2478,2.06
8579,1.62
441,0.0
3781,0.0
9641,0.81
11630,0.59
2076,0.0
9455,0.54
11658,0.53
13006,1.2
5598,0.0
5648,0.0
10213,0.76
11585,1.94
3049,3.59
8487,1.57
8008,0.0
5371,3.01
11140,0.02
5543,0.0
2464,0.16
4701,0.88
5829,0.92
9191,2.33
2477,2.09
7634,3.51
5005,3.32
12903,4.56
4651,5.9
36,2.85
4369,4.05
1963,0.0
12341,4.46
3088,1.05
3597,4.93
3324,4.98
4213,3.72
1197,0.22
4649,0.91
10092,3.51
5886,2.11
5645,0.0
8511,0.71
12153,3.99
504,0.0
11004,2.19
10365,0.0
10766,0.0
3039,0.28
1550,0.0
2978,2.4
1212,5.37
12676,3.0
6959,0.0
7303,0.0
10537,5.46
6011,0.0
6866,5.54
2296,0.0
4562,2.61
9404,0.0
8783,0.1
4192,6.24
11979,2.21
8789,3.05
4833,5.2
4185,0.5
4590,0.0
2996,0.24
7611,0.0
9363,3.87
3327,1.46
2000,5.36
8757,4.06
8161,0.0
12798,1.33
9410,2.02
2679,4.89
5508,0.0
10939,6.24
12400,4.8
12458,4.9
1457,1.81
8808,0.41
8440,0.44
5833,5.21
11586,3.85
6840,0.34
12427,1.95
10670,2.62
12092,2.27
8486,1.7
9715,4.81
4382,4.63
2401,5.11
1484,5.89
1180,0.08
3985,0.61
7290,0.0
11446,0.0
10061,0.6
7052,2.78
8017,0.0
12303,0.92
10465,0.27
2013,2.16
11944,0.29
12859,0.34
1887,0.0
6244,0.0
56,5.01
11221,0.42
736,4.44
8544,1.3
6556,5.16
9295,1.05
810,0.0
6941,0.0
11640,0.19
10432,0.72
13106,2.79
1294,0.64
5647,0.0
2739,0.0
4689,0.34
11075,0.16
7722,2.01
6772,4.76
7879,0.0
12905,1.3
3046,0.07
8667,0.0
10304,1.62
9150,0.71
3690,0.49
8709,0.0
322,0.0
3271,3.07
12432,0.4
10962,5.54
5708,0.99
4124,3.67
5487,0.0
1860,0.0
6736,2.99
8879,5.77
6668,2.07
3303,4.77
12227,5.12
6114,0.82
5642,0.0
9075,0.0
12331,3.03
9013,0.0
9261,1.67
7183,4.33
474,0.0
2237,0.0
850,0.34
9038,1.03
6816,0.18
2690,0.75
11787,0.76
11237,1.88
951,0.88
6895,0.0
10400,1.13
11876,3.71
8394,2.82
3831,0.0
3499,0.0
1346,0.94
5428,0.0
8044,0.0
7174,0.66
5087,3.8
7735,0.0
8953,1.77
7699,2.71
2062,0.22
3581,0.85
10401,0.0
6896,0.0
6040,0.0
9170,1.07
12588,0.06
4065,2.54
11780,1.8
195,0.0
5436,0.0
5601,0.0
10869,0.0
152,0.0
3012,3.23
11252,1.59
2577,2.37
89,4.75
12668,3.8
378,0.0
11018,5.48
9707,1.45
6247,4.98
12442,4.53
6991,0.0
2877,5.18
5254,2.65
1612,0.0
9909,2.29
9255,0.0
9496,1.27
11245,0.26
8937,0.66
6501,0.0
9157,0.7
5772,1.32
469,0.0
1510,1.31
7095,4.75
11848,4.98
2658,0.47
8791,0.1
12619,4.12
5704,3.46
11801,3.1
6453,3.71
7686,0.38
12941,1.14
12837,4.62
9920,4.24
2610,3.21
4176,1.56
7371,0.86
11946,4.12
10639,0.0
1563,0.0
6149,4.61
10747,0.0
7235,0.0
3032,0.29
3630,0.81
8891,4.32
9767,2.93
7538,1.53
2008,6.16
2382,0.0
7226,0.0
12554,0.06
4559,4.89
3490,0.96
4934,0.0
11198,0.43
8993,1.18
4255,4.22
9853,4.98
9340,4.78
10729,0.0
8665,0.0
10824,0.0
1838,0.0
6877,3.41
3904,3.74
11708,0.47
1630,1.59
6069,4.1
1048,0.0
1444,1.45
12147,1.44
47,3.91
585,3.31
3142,0.73
11695,0.2
8638,0.84
7120,0.44
9976,4.17
6166,0.0
8516,1.04
9743,4.67
4227,1.65
10912,1.26
1924,0.0
6685,4.58
8195,0.0
12038,0.0
5454,0.0
6457,5.99
4646,0.91
1832,0.0
4421,1.8
7427,2.95
10909,1.38
9845,0.39
10780,0.0
9307,0.29
12632,3.87
4399,5.38
13077,5.75
1449,0.28
6655,0.0
7223,0.0
3977,5.9
4142,5.39
8750,0.0
2509,0.21
11209,0.43
5586,0.0
2362,0.0
4225,4.47
8315,4.55
9321,2.48
4020,0.98
4515,0.0
1715,2.24
12895,3.76
7697,0.91
5957,0.0
1621,0.0
10367,0.0
10749,0.0
11721,0.73
7375,0.0
12214,0.35
3372,0.96
12076,0.0
5433,0.0
1445,0.85
10132,0.0
1962,0.0
7161,4.28
10802,0.0
4596,2.32
361,0.0
4055,4.24
6331,3.3
6388,4.42
825,1.76
12219,1.67
9983,2.16
2285,3.89
4139,1.36
3118,3.7
11101,0.26
171,0.0
9553,1.51
10998,0.87
3797,0.0
5326,0.0
2905,5.93
293,0.0
8768,0.0
4316,4.69
6495,1.92
11684,5.1
2528,2.3
1764,0.0
2588,0.36
11759,3.85
2066,1.32
9468,5.8
10069,0.3
9724,5.84
11184,0.57
1592,0.0
6553,2.37
7160,0.82
3080,1.07
4869,2.87
1483,0.0
12574,0.03
6142,0.0
11847,5.73
8538,1.18
76,1.11
8725,4.24
380,0.0
9761,6.2
5184,2.99
7901,0.0
7872,0.0
9628,1.58
4699,0.16
1900,0.0
3259,2.86
11228,1.59
10012,3.53
7764,4.22
4682,2.46
10430,4.22
5367,1.27
11929,0.35
3361,1.34
10187,2.2
10407,4.0
5181,5.66
2727,2.3
1263,4.82
2142,0.65
1964,0.0
11942,1.04
13108,2.34
9727,2.41
5445,0.0
3750,0.63
8023,0.0
9932,0.17
908,2.45
1821,0.0
7420,0.55
476,0.0
8898,1.41
4269,2.35
9901,3.95
7635,3.42
9569,0.52
1290,0.42
3020,2.22
6762,0.32
619,3.57
1888,0.0
9484,0.0
8420,0.44
6378,0.0
12407,2.28
1863,0.0
12230,2.38
11487,2.57
12557,3.68
6010,0.0
3503,0.5
6532,0.39
6566,0.17
4771,3.17
5635,0.0
11378,0.15
13112,3.67
6943,0.52
12089,4.79
11726,5.48
183,1.47
4526,3.45
12453,5.16
10636,0.0
3626,0.42
5641,0.0
4727,4.23
11836,3.95
10053,1.76
2881,5.37
1123,5.39
689,0.92
7973,0.0
4572,2.56
3579,1.75
6747,3.84
12210,3.04
10227,0.38
12878,5.14
2194,0.0
9146,6.1
7985,0.0
194,0.0
2051,0.67
1109,3.78
232,0.0
5766,5.5
11294,0.32
4922,0.37
10479,2.29
1053,0.0
7028,4.38
1221,5.67
1488,2.06
3444,4.03
8763,3.91
10166,2.21
12414,0.53
10280,1.33
8636,1.25
9283,0.0
4799,0.96
5999,3.04
6423,5.16
6716,1.79
351,0.0
5499,0.0
11485,3.87
6239,4.93
5990,0.0
3467,1.8
8927,1.36
2983,0.24
11557,0.0
12606,3.84
10353,0.0
6677,0.13
3872,3.28
5009,3.31
7485,0.0
12651,0.13
4746,3.14
1081,0.0
5430,0.0
9296,0.89
6438,3.8
3078,3.37
1729,0.0
5756,4.92
6948,0.0
6380,4.13
11411,4.88
10018,4.98
8387,6.01
2985,2.79
8957,0.0
4520,6.17
10914,1.23
12204,4.27
5316,0.0
692,3.21
2993,1.79
10707,0.29
12389,1.68
9088,0.33
5569,0.0
7750,0.0
9530,2.2
8378,2.25
10490,0.25
12325,0.41
2131,0.51
5978,4.95
402,0.0
11949,1.19
2330,0.0
1843,0.0
4994,1.55
661,1.11
4876,4.97
5471,0.0
11375,3.27
8304,5.65
783,1.49
3258,6.22
2651,0.36
3593,5.31
9035,1.11
9094,5.92
10011,3.9
2951,2.55
2859,5.11
1406,4.96
11189,2.01
8615,1.37
6425,3.21
5789,5.05
4281,2.52
8439,0.74
5209,2.65
2433,5.13
4091,2.15
10212,0.8
5982,0.0
329,0.0
7844,0.0
9736,0.98
10621,1.01
10419,0.33
5038,0.55
3534,2.94
12307,4.87
2322,0.0
3598,4.08
2411,0.0
4144,2.29
5758,2.32
7249,0.0
4509,2.97
7250,0.0
7999,3.61
10433,0.23
2952,2.28
8384,0.93
9497,1.0
1247,6.11
6696,5.12
10913,0.45
5076,0.31
4434,0.0
5187,1.17
4901,1.1
4454,2.02
2499,2.38
7441,1.16
6105,1.91
10516,1.26
10890,0.0
4475,5.13
7756,0.0
3010,0.3
3275,0.94
11161,0.47
6397,4.47
10532,2.33
13092,3.53
6580,5.59
3008,1.49
1948,0.0
10805,0.0
5158,2.34
818,0.7
8422,0.14
1422,1.05
12851,3.55
8693,0.0
5137,0.0
715,3.15
6951,0.0
9328,0.0
12446,4.81
743,0.0
12814,4.92
4625,3.84
13057,3.68
1315,0.24
5764,0.07
5717,1.86
4059,4.69
7172,0.71
5270,5.89
5746,5.34
11088,0.37
6474,0.0
11082,1.18
3514,2.97
11927,3.21
8267,0.0
11816,3.65
90,1.89
5188,0.39
2570,2.29
6507,0.22
5674,0.16
1662,0.0
3354,1.59
10151,1.09
7944,0.0
8548,0.56
5012,5.16
4982,0.29
2579,2.26
3769,0.0
1893,0.0
6976,0.0
4842,6.0
7179,4.7
8058,2.0
8046,0.0
7687,2.96
7127,0.4
9745,1.16
10338,0.0
12196,1.86
1368,0.6
7435,0.0
4442,0.0
1044,0.0
3072,3.66
8298,0.0
11192,1.48
11644,0.55
8221,6.14
9420,3.18
10893,2.04
5027,0.18
1031,0.0
9172,0.34
9786,2.42
4568,0.0
5936,0.0
6856,0.15
2711,1.04
7855,0.0
6321,2.32
2586,1.91
4292,1.34
9805,5.48
4496,0.0
10620,4.94
2539,5.93
8082,3.0
12215,5.04
8262,2.9
1725,0.0
1386,1.04
9596,0.81
1127,0.16
8453,4.97
10478,2.55
11054,3.07
7885,0.0
4470,6.14
2468,2.68
3198,0.18
6631,0.45
2334,3.32
55,0.0
1693,1.59
9140,1.88
6258,4.62
7530,0.0
5288,0.0
5360,0.0
3903,6.22
3784,0.0
3785,0.0
8404,5.99
7321,1.22
2488,0.2
7292,0.0
12835,0.32
6189,0.0
5222,0.4
5504,0.0
6606,2.81
8163,5.45
7335,0.63
7759,5.97
621,0.62
4580,3.75
1781,0.0
7570,3.74
10136,2.45
5866,5.93
3093,2.27
65,0.0
3726,5.57
7941,2.56
6102,0.37
1213,0.67
11086,0.58
6963,0.0
7272,0.0
8004,0.0
8288,5.89
12791,3.72
7542,0.0
8219,0.0
3187,0.31
2361,0.0
4425,1.9
12233,4.22
11047,1.03
7240,0.0
1487,3.83
664,4.04
2116,5.71
11910,3.58
11457,4.82
1780,0.0
15,2.85
1868,0.0
11623,0.42
11760,3.69
1886,0.0
4229,1.21
12838,4.08
1784,0.0
7997,0.0
9693,4.3
11371,1.97
1083,0.0
9552,2.14
1162,0.3
7661,0.0
10105,0.0
2594,0.38
3838,1.26
9515,2.64
2213,0.0
6408,0.35
2741,2.69
479,0.0
540,4.0
7416,3.38
4960,0.54
4379,1.13
11217,1.49
2854,4.98
4303,2.23
11855,4.96
1202,0.0
7387,0.0
7410,0.0
2580,0.32
7141,0.57
1841,4.99
1239,4.7
2014,0.5
8338,0.0
2057,2.17
12405,0.72
7965,0.0
1272,0.22
13002,5.06
2534,2.11
675,1.1
6954,0.9
12344,2.95
4221,1.61
3342,0.98
8941,1.4
4571,5.01
9930,1.16
2208,0.0
5459,0.0
11447,5.36
4076,0.0
1719,0.0
568,0.65
12753,4.31
7507,0.0
5480,0.0
4560,4.69
4036,0.59
12043,1.28
9071,4.83
7466,1.2
10255,0.0
1909,0.0
10068,0.64
7309,1.47
12526,2.38
11820,5.94
6506,0.42
6471,3.46
7454,1.77
9501,3.19
679,3.29
6494,3.62
3344,0.65
4246,2.3
2498,2.41
9525,0.75
3886,2.55
18,1.91
3116,5.26
2210,0.0
8804,5.97
8917,1.29
4331,3.58
7780,0.0
5628,0.0
5095,3.64
12772,5.38
2955,0.34
4366,1.0
9664,1.13
8480,1.06
9411,1.41
6559,1.34
10840,0.0
1396,2.12
1389,0.48
12065,5.62
6753,3.56
8933,0.33
10088,1.6
45,4.24
12783,5.71
3611,0.0
5905,0.55
5133,2.26
3744,1.64
10779,0.0
2182,0.0
5010,1.03
4929,1.9
2607,1.98
7562,1.3
8406,4.45
2568,2.63
10265,0.0
4259,1.49
4713,0.24
4656,0.0
740,2.27
5895,0.57
2531,0.27
11142,1.56
1416,0.0
12315,0.41
12021,2.39
4419,2.97
6118,0.4
2631,3.26
10302,2.61
11764,2.99
8971,3.28
6761,1.53
2226,0.0
4237,4.07
3964,0.61
8029,0.0
730,2.68
20,1.41
11381,2.79
9836,2.43
2215,0.0
238,0.0
3511,0.76
12628,2.51
7945,0.0
11175,0.08
2003,0.39
9387,4.37
7340,0.0
9908,3.07
8151,0.0
2494,1.97
7465,1.44
3604,0.0
3319,1.4
9262,1.44
6531,0.56
11242,0.74
11314,2.75
3094,1.46
5677,1.63
12048,0.0
12629,0.1
11924,4.31
3824,0.0
5998,0.0
7733,3.55
6648,5.2
9270,0.0
8226,1.82
5636,0.0
8520,0.32
3207,5.88
4295,1.79
3217,1.19
181,4.07
5703,0.0
10293,1.67
4447,4.7
9816,5.91
2860,4.47
12805,0.41
3713,3.06
8590,0.63
2823,0.42
7835,0.0
6839,1.05
9590,2.27
5157,3.91
8158,0.0
2135,0.98
7523,1.79
9473,1.95
5873,0.64
6770,0.11
9661,2.46
1020,0.0
3240,0.98
12788,5.55
10708,0.27
3489,1.66
5140,3.74
10989,1.52
12906,0.74
11606,4.12
4552,2.64
9958,5.54
4755,5.98
12983,0.36
7876,0.0
8568,0.8
3873,0.82
10689,4.35
8066,3.85
614,0.6
3035,2.41
12018,0.0
4290,1.39
556,3.38
5249,0.27
9709,1.17
12599,3.1
8369,4.96
10355,0.0
7218,0.0
157,0.0
57,2.59
12158,1.51
10119,0.0
10960,0.42
1829,0.0
2880,0.85
9451,2.9
8283,1.02
5059,0.2
7558,1.69
2642,2.17
5763,0.13
9897,0.72
7070,0.0
10814,0.0
9612,3.45
6326,2.01
6968,0.0
11966,0.0
5319,2.72
12350,0.0
345,0.0
5507,0.0
7541,0.0
3470,0.56
4351,0.71
8102,0.0
2791,3.97
7809,5.23
3923,4.39
9651,1.44
4348,2.05
1087,0.0
2587,0.36
1461,0.54
851,0.34
3256,0.82
10649,0.0
13128,2.29
4739,3.64
592,2.14
6707,0.18
12692,0.2
11901,0.28
9852,5.25
10260,0.0
8464,1.19
8528,2.25
7620,3.03
12686,0.11
10817,0.0
3949,0.75
3758,0.0
5186,1.32
10322,4.44
8165,0.0
4502,5.2
7914,0.0
1165,5.17
11154,2.24
8446,1.05
2812,1.22
1801,4.35
11530,2.22
920,0.71
9623,5.11
4744,0.63
328,0.0
13050,5.06
10137,1.45
11811,0.02
11959,2.44
1262,0.0
5287,0.36
5340,1.74
10143,3.02
240,0.0
12393,0.48
1204,5.34
9831,2.1
2789,0.0
5089,0.29
4563,2.5
5405,0.0
582,0.34
4312,2.26
3203,1.0
11938,4.87
11201,3.31
7964,0.0
3426,1.33
7836,5.54
4271,1.69
4056,3.02
3371,1.13
7528,0.91
10378,0.0
992,0.0
3442,0.0
12502,2.07
10955,0.83
9827,6.28
8670,0.0
2021,5.83
3173,2.44
10266,3.14
7426,5.29
4635,0.0
8640,5.13
11616,3.9
10239,1.36
4324,0.58
11971,0.8
7782,3.87
236,0.0
6719,4.0
2699,4.85
2309,0.0
304,0.0
4104,0.0
9067,2.72
7171,3.41
4704,0.62
742,1.17
6661,1.65
4336,4.91
12408,0.42
477,0.0
2392,5.5
2574,0.27
10311,3.65
4518,1.45
9327,0.21
10017,5.89
6046,5.75
2476,2.18
2540,2.57
11166,2.99
10142,3.26
3178,0.32
759,1.79
9989,2.08
10471,4.72
4769,0.16
9306,0.43
5279,0.0
8409,1.08
12241,0.0
528,0.0
6611,0.0
1454,2.64
10709,3.55
12550,5.91
12376,4.78
5215,0.0
2795,5.29
2729,0.82
8478,5.97
5962,1.1
4828,0.53
12301,1.5
7294,0.0
12677,1.89
11160,0.5
10066,2.82
4194,2.45
9314,0.8
12015,5.87
3844,3.86
1458,1.5
4321,4.06
5751,1.65
7168,0.61
7350,0.0
12108,4.24
7307,2.55
105,0.0
4138,2.71
7326,0.0
12977,0.37
9297,0.83
4033,0.0
7752,0.0
6604,0.0
558,0.44
9756,0.16
8671,0.0
6315,1.15
3334,0.98
11911,3.47
7054,0.63
4638,3.23
2809,5.64
12084,4.36
754,0.0
11063,0.31
9402,0.88
8794,0.69
10624,0.0
4218,1.02
12825,4.32
11094,1.79
1240,0.46
10372,2.14
4544,0.0
11231,0.63
1259,0.0
1804,0.0
1295,0.22
698,6.03
1042,0.0
658,3.52
1664,0.0
8018,0.0
11734,0.47
9380,1.13
9015,1.5
7505,0.0
8136,0.0
2999,2.3
876,2.09
5330,0.84
6670,0.26
6516,0.59
7824,3.98
11162,0.36
8062,0.0
10015,0.0
7215,0.0
2686,0.55
2931,0.68
6827,4.07
2771,0.0
4751,0.17
2510,0.2
12163,6.18
2514,2.17
8275,0.0
11889,4.23
11224,0.04
9947,0.54
11096,1.25
11215,1.6
5946,4.85
8861,0.0
7834,0.0
7939,5.95
7329,0.0
10964,4.6
729,3.67
4618,5.3
10782,0.0
5680,0.33
5305,0.92
295,0.0
9571,0.33
4092,1.98
11521,0.0
2408,0.36
8454,1.22
10271,0.0
9818,2.65
3483,1.07
8648,0.0
11113,0.27
4405,5.57
7489,1.78
3123,4.78
7300,0.0
10710,2.2
12168,2.09
4583,1.93
3641,0.45
1640,0.0
1125,3.72
3807,0.0
2272,0.0
4804,5.78
8637,1.16
1705,1.81
7966,0.0
7757,0.0
12734,0.19
1355,1.22
4326,2.41
5113,5.18
5216,6.1
1831,0.0
1934,0.0
6350,0.0
4047,5.21
7633,0.0
10102,2.02
6641,4.01
10899,0.5
8651,0.0
175,6.25
13086,3.08
3427,0.53
8658,0.0
10473,1.79
3356,0.99
9362,5.62
5783,2.06
10875,0.0
444,0.0
8854,0.39
7102,0.67
9978,1.83
12313,1.3
2673,0.32
9900,4.39
306,0.0
3024,0.5
8747,0.23
12346,0.62
12162,0.29
9240,1.47
3822,2.71
2830,5.32
3396,1.26
5259,0.0
9041,1.69
10030,4.08
9867,0.37
3414,0.29
8969,1.41
12218,2.34
9259,2.16
3202,1.1
3942,0.55
12244,2.86
1060,0.0
1217,5.58
4380,0.27
7104,4.38
5963,0.0
6104,4.06
819,0.0
10317,0.0
7995,0.0
376,0.0
833,6.03
5664,0.0
3053,0.43
9200,0.66
1451,0.0
2707,3.41
9815,0.41
6447,5.46
525,0.0
10751,0.0
4667,5.92
9124,0.0
9365,3.08
832,0.0
3421,0.0
8726,2.34
4051,2.78
3762,0.0
4963,0.0
5177,1.85
11196,0.5
6014,0.0
769,0.52
4604,2.24
6110,0.77
5572,0.0
11722,0.23
3728,1.71
1701,0.0
7947,0.0
1723,0.0
8047,6.16
8882,0.76
693,3.16
12996,0.0
6403,5.56
4360,1.97
5466,0.0
6841,0.04
12789,5.49
2495,0.28
4428,1.03
7513,1.87
11405,3.64
10790,0.0
4467,5.23
10329,0.0
3805,0.0
9817,2.74
12597,4.48
4441,4.5
10398,2.35
8119,0.0
3294,1.3
7895,0.0
7975,3.32
9868,5.61
1057,6.28
8826,0.1
6475,5.75
7651,1.97
10967,0.0
1082,0.0
7010,0.0
6813,3.31
952,0.58
7474,4.23
4313,1.31
580,3.04
4585,0.0
13039,4.38
7221,0.0
1508,3.98
7579,0.0
7201,2.17
5425,0.0
3739,2.74
1537,0.0
8913,3.82
8148,0.0
2919,3.48
2504,3.11
11219,0.6
3042,2.65
493,0.0
11403,6.29
6184,0.0
3336,0.84
3411,1.68
6143,0.0
5578,0.0
9795,3.08
10278,3.05
5865,5.96
5753,0.55
6575,4.01
4289,1.78
9792,1.09
9773,1.33
5700,0.31
3434,0.0
9548,1.07
9233,0.62
12509,0.0
9206,0.31
209,3.1
1762,0.0
12476,0.0
9343,2.97
1506,0.13
2589,2.94
2278,0.0
11085,0.77
241,0.0
1528,0.0
8989,0.45
8068,0.0
1216,6.01
3454,1.02
1892,0.0
6371,1.86
344,0.0
8483,0.8
8724,6.16
7069,0.0
9260,1.78
140,3.41
6774,2.13
3381,1.01
3112,3.44
9385,5.21
2639,2.67
4451,4.27
12898,6.13
7422,0.0
8905,3.99
1276,0.83
1593,0.0
9961,1.12
4998,4.31
12435,1.72
30,0.0
11267,0.69
623,5.83
4017,0.0
10045,1.14
5735,4.97
7065,0.0
12870,0.63
7242,0.0
4415,0.8
5153,0.41
10721,4.55
5519,0.0
10024,2.99
9669,5.42
9645,6.31
9948,0.17
1398,1.05
12422,2.98
3727,2.91
10820,0.0
12818,4.77
2080,3.86
10078,3.42
83,2.49
9254,0.56
2932,6.07
379,0.0
4204,0.78
2375,2.91
8170,0.0
467,0.0
12127,0.73
8845,6.03
6405,4.43
9915,3.04
3791,1.74
10145,0.87
6824,0.11
10834,0.0
12443,1.59
5066,2.35
8982,0.0
3317,4.96
1689,0.0
69,4.59
11062,0.45
8147,0.0
1318,0.7
339,0.0
275,0.0
7490,1.33
24,4.22
2067,0.42
1573,0.0
4680,0.67
2387,0.0
2085,0.0
11596,2.01
1649,1.56
246,0.0
11394,2.1
8730,3.1
11087,0.37
11925,4.27
8928,0.65
717,0.99
9179,1.08
4247,1.91
3983,2.93
1707,1.62
1088,0.0
5731,0.35
681,2.06
6386,5.4
7255,0.0
549,4.66
6216,0.0
4877,4.83
12951,0.0
1163,0.29
6900,0.0
3058,1.93
8542,2.56
1569,0.0
7283,0.0
11213,1.78
12582,6.27
6120,3.02
1112,6.31
7698,0.87
12943,4.88
5831,0.06
1064,0.0
1589,1.88
7018,0.0
2420,2.19
4384,1.69
6161,4.78
3829,3.44
11035,0.89
3368,1.46
8981,0.16
10726,0.0
782,3.97
6329,5.48
8623,0.88
10193,2.34
12409,5.4
12589,5.65
3938,0.18
10637,0.0
6063,1.22
2321,0.0
5462,0.0
1050,0.0
12055,3.41
12198,3.69
3485,0.24
5336,3.34
11408,0.19
3395,2.54
11827,4.29
1549,0.0
6990,0.7
7711,0.0
1432,1.98
81,3.73
5561,0.0
4513,2.19
13139,5.88
5828,1.62
616,4.82
7156,0.42
4114,2.17
11963,0.0
10583,4.05
6056,5.53
1018,0.0
8994,0.8
2948,0.08
495,0.0
13072,5.68
2521,2.02
967,2.47
3627,3.97
7233,0.0
5204,1.0
2671,4.21
7963,1.99
365,0.0
393,0.0
636,5.49
8846,5.14
1899,0.0
12149,1.2
3283,2.7
895,1.92
5531,0.0
204,5.38
10614,6.03
9452,2.65
4479,6.18
11961,0.81
8444,5.08
8829,0.4
6404,4.62
7386,0.0
11581,2.43
1135,5.52
1182,5.12
659,3.42
8261,0.0
10970,0.45
1708,1.32
663,4.43
507,0.0
7568,0.0
120,3.32
155,0.0
4165,1.92
728,4.19
1072,0.0
4508,3.27
8653,0.0
12309,4.28
6737,1.69
6609,1.77
2108,0.8
7443,0.0
5549,0.0
10261,0.0
11835,4.24
2479,0.23
2523,0.31
12567,0.0
7082,0.0
4720,0.14
915,3.81
6777,0.19
866,3.19
5590,0.0
4915,4.78
13003,0.39
7967,0.0
10879,0.0
3959,0.4
3936,3.64
6022,0.0
1019,0.0
6572,0.35
1823,0.0
6938,0.0
3919,3.81
9600,3.45
2519,2.72
2365,0.0
881,0.0
11758,0.0
1151,3.33
10283,0.0
8332,0.0
10891,0.96
3664,2.26
7497,0.0
1010,0.0
8559,1.33
4029,0.0
4642,0.32
3527,5.0
10077,0.0
1660,1.82
4958,0.86
923,0.0
12075,1.1
8901,1.04
3902,0.0
10918,1.28
308,0.0
7411,0.0
7760,0.0
6956,0.0
10885,0.0
2742,1.83
7515,1.25
5322,1.22
9439,5.96
10420,5.72
2409,0.0
3818,4.81
11349,2.21
10436,0.95
10229,2.92
2970,2.41
11989,0.0
8430,0.35
7414,4.47
287,0.0
7775,0.0
4129,0.31
12169,1.69
9479,1.16
78,5.95
7867,0.0
7554,0.0
5102,0.16
3540,0.25
12880,3.5
4573,2.47
11615,4.18
5992,0.0
11870,4.1
2718,3.76
7079,0.38
2306,0.0
2346,0.0
12085,3.9
4275,2.16
12293,0.51
2663,6.29
4109,0.0
8398,4.26
3369,1.4
475,0.0
2481,5.44
956,4.96
6691,4.62
7351,0.0
7539,1.47
2113,6.21
129,4.0
4545,0.0
4935,0.0
5026,0.6
10951,0.0
12528,1.72
443,0.0
12765,6.05
8961,1.67
9057,0.0
5849,1.29
10986,0.8
5220,1.8
7175,3.09
1628,3.74
8991,2.02
12522,0.0
1472,5.31
5727,1.15
5063,0.23
62,0.58
4819,0.0
4494,2.24
2629,0.47
9650,2.12
579,3.3
4507,3.8
5284,1.7
11410,5.81
12010,0.0
5379,0.0
6301,0.0
12187,1.32
6676,0.24
7679,1.43
7182,1.22
5366,1.74
11674,6.1
7439,2.18
8735,0.11
12058,0.0
12051,2.29
1654,0.0
2137,5.77
12272,4.15
1007,0.0
955,0.0
2427,2.62
7943,0.0
9152,0.0
4597,1.28
1479,0.73
9646,4.33
7931,0.0
1987,0.0
3190,6.09
4317,3.53
11529,4.35
9824,1.89
798,0.26
9740,2.4
5101,0.37
4844,2.49
2619,2.4
3267,1.46
7512,2.01
12119,3.7
11180,2.1
3628,3.62
677,4.91
8495,1.05
9770,0.15
10139,0.65
8677,0.0
159,0.0
8919,5.9
5151,1.53
7576,1.18
10542,0.58
1885,0.0
509,0.0
9811,5.51
12621,2.88
12278,3.96
4961,0.44
6880,0.24
2973,1.71
9644,0.08
3595,0.94
12115,0.99
9486,2.95
10545,3.24
2162,0.32
10216,3.12
1918,0.0
8255,6.01
2782,0.59
9797,1.13
6031,4.41
7742,0.0
1929,0.0
5574,0.0
2315,2.75
4555,1.24
12452,1.01
1631,0.0
11477,0.16
5834,4.44
3718,1.54
7675,3.0
12086,1.14
496,0.0
11939,4.33
6446,5.8
6587,3.82
567,2.84
1000,0.0
4947,2.76
10409,2.01
5814,2.39
7158,0.65
7529,0.81
9424,1.59
5684,5.93
11893,1.87
10947,4.88
1285,5.64
3668,0.37
703,0.8
11225,3.6
2503,0.26
3475,1.08
7238,0.0
11544,0.0
3044,1.87
3884,0.0
2730,5.16
2967,1.74
987,0.0
10380,0.0
8573,1.06
3763,0.0
1873,0.0
5615,0.0
8683,0.0
12136,1.24
874,3.32
5211,1.05
5291,1.79
8886,6.15
7361,0.0
12348,0.0
302,0.0
8272,5.4
5912,4.25
7677,0.99
5765,0.0
9729,1.67
6232,0.0
651,4.54
10154,0.0
1245,0.46
3798,4.33
12547,2.34
4976,1.99
8903,5.74
3687,0.12
12669,3.41
5096,2.87
4909,0.91
6319,5.73
7560,1.54
9894,4.85
4151,1.99
9271,3.72
3248,1.08
4981,0.45
5418,0.0
3251,0.41
6150,0.0
827,1.43
8385,0.0
7857,0.0
2049,6.28
12661,3.95
2491,2.57
3204,0.75
2102,0.48
9093,0.0
6758,5.04
6988,0.0
7045,0.0
9594,0.89
10096,1.08
7935,0.0
2557,2.35
5913,3.77
6628,3.74
7535,2.94
5060,3.2
8570,2.78
2956,3.41
9941,5.21
1874,0.0
1722,0.0
11077,0.11
6412,0.75
577,4.72
4113,4.08
10108,0.36
3522,3.03
2785,4.08
9550,2.59
10506,0.65
5986,0.0
10238,1.89
1639,2.17
6162,0.0
12020,4.49
10133,0.0
4003,5.2
2700,1.89
1136,5.19
11106,1.76
11991,5.31
3607,1.13
2684,5.64
1601,1.79
7906,0.0
9946,1.07
11436,1.33
12571,3.61
2925,0.71
10658,0.23
1749,0.0
10423,1.01
10852,0.0
8906,3.19
1442,2.58
9163,3.72
7297,0.0
2871,5.1
2110,4.24
630,5.73
4279,4.52
10594,0.97
7217,0.0
7245,0.0
6391,4.37
8201,0.0
4874,0.0
12769,0.4
2960,0.48
3613,3.07
3219,0.53
8099,0.0
31,0.0
7436,0.0
1779,5.15
7207,0.95
6708,5.66
9373,3.93
8620,2.14
3021,2.12
9998,0.18
2081,0.64
9050,5.44
5733,0.0
148,1.47
9001,3.72
4659,0.91
12308,4.62
1955,0.0
9509,1.33
11440,4.45
4896,2.14
9326,1.08
10828,0.0
11880,0.53
9471,2.88
9814,0.97
9850,0.47
3228,0.32
7571,2.41
2395,2.65
1124,5.39
2964,2.73
5077,0.24
1466,4.87
5920,5.29
11510,6.06
10540,1.96
11341,0.63
3097,5.63
5588,0.0
7847,6.08
8469,0.18
3168,0.83
8986,2.07
377,0.0
3238,1.74
7681,1.79
9780,2.66
6067,0.16
7533,0.0
9194,0.0
4805,4.77
1910,5.12
2325,2.74
11216,1.51
10905,0.0
7055,0.47
11346,0.41
9344,2.82
550,3.71
8958,5.55
10585,4.13
6159,0.0
10645,0.0
1882,0.0
4122,0.45
3438,3.2
5401,0.0
6154,0.0
6683,0.08
1786,0.0
12518,0.74
11628,4.97
686,3.15
10990,6.15
12025,5.56
11518,0.0
11789,5.63
2458,4.04
71,3.98
4933,0.28
4873,0.0
10480,0.84
839,0.53
946,5.35
6018,0.0
8010,0.0
8581,0.93
6983,0.0
12462,4.91
11583,0.0
8090,1.81
9635,4.06
7056,0.39
7763,5.9
4294,2.61
4498,4.8
9491,0.89
5675,4.82
11317,0.03
8521,2.05
2781,1.4
4471,6.08
4615,0.0
1365,2.59
10550,5.23
6970,0.0
4400,4.17
5880,0.83
10347,3.51
10360,2.63
9272,3.54
12670,2.28
2183,0.0
10567,2.71
7086,0.79
8435,1.33
4179,0.44
6843,4.28
10306,0.0
9085,1.34
5988,6.05
3062,4.31
8810,4.09
5116,2.12
12134,1.74
4093,0.31
5529,0.0
12616,0.08
7850,0.0
9732,0.41
11842,4.69
11986,3.45
4516,5.81
7066,0.0
13114,2.19
2912,5.24
5577,0.0
3,3.28
1661,1.36
9396,4.86
2327,0.0
7838,3.2
126,0.65
8896,5.05
5119,0.0
2447,0.21
12141,5.12
205,5.01
7409,0.0
10534,1.0
6698,3.22
6615,1.68
10993,0.84
4071,0.58
12645,4.15
11887,0.29
1283,0.41
7293,0.0
9922,1.73
9329,4.89
4464,4.12
5810,4.86
3868,5.74
7953,0.0
2697,1.29
7446,0.0
10382,4.45
2712,0.0
5720,0.88
11454,0.04
1255,1.31
9160,5.49
8296,2.02
1470,1.05
6264,4.53
6398,3.74
11230,0.77
2940,1.1
3567,0.83
5271,5.3
8476,0.38
7622,3.58
12749,4.37
1043,0.0
2316,0.0
10001,2.09
10956,5.39
12711,2.5
7139,0.69
10925,0.0
9926,5.04
11552,2.55
19,1.79
10406,4.43
9066,0.33
7029,2.38
1056,0.0
8756,0.22
3017,0.72
4570,5.8
220,0.0
10501,6.13
3533,0.0
2452,2.43
4188,1.76
4239,2.25
98,0.51
3960,0.0
10029,5.24
8629,1.35
11129,1.44
12523,0.0
1199,5.43
8948,4.53
5334,0.0
1209,6.22
8741,0.23
6889,0.0
6317,0.0
3286,1.3
5280,5.08
2787,0.0
4250,2.95
8707,0.0
319,0.0
9771,3.64
12505,1.35
4790,4.27
8347,0.0
5221,1.05
6794,5.68
9742,0.25
8281,4.18
11155,1.81
8795,0.21
6883,2.63
5626,0.0
9523,2.4
11896,4.74
7228,0.0
10094,2.2
6957,0.0
3213,0.43
2466,3.4
2029,2.94
8179,0.0
4899,1.26
7729,5.59
846,1.7
8141,3.74
11222,0.31
2123,0.67
6392,3.47
7209,0.0
9151,0.37
5760,0.99
7652,0.0
828,1.37
7458,0.0
5298,6.25
12340,4.89
11575,3.85
3124,4.49
11710,5.65
9162,4.43
9246,0.58
9965,3.5
779,0.0
649,5.47
12660,4.06
3946,0.57
4697,4.57
5838,0.78
8229,5.44
10237,2.6
2161,3.23
11093,2.71
2934,3.24
9592,1.18
2698,5.63
7983,0.0
191,0.41
8412,0.44
8203,0.0
653,3.45
350,0.0
6819,4.48
10778,0.0
2659,5.88
3603,0.97
6441,0.36
7781,5.92
1737,0.0
5894,2.04
1727,0.84
4857,0.0
8363,4.35
9330,3.6
257,0.0
3121,0.92
2187,0.0
4696,0.16
9101,0.62
6274,0.0
7682,0.37
1352,3.2
8627,2.72
7229,0.0
10984,4.16
1098,1.41
9613,3.41
9309,5.24
4813,4.32
7193,2.31
12527,1.8
824,3.74
3111,6.2
3276,0.8
12450,4.48
1397,1.36
7746,4.83
11480,4.77
10787,0.0
150,0.33
3230,3.22
5349,1.72
4728,0.46
26,2.43
8586,1.65
8319,6.05
2870,5.35
2023,0.38
6779,6.16
5386,0.0
12569,5.39
13053,0.33
8197,0.0
12863,3.21
44,0.0
12481,1.75
10811,0.0
5292,1.56
7574,1.69
12601,0.16
2821,4.19
2015,5.0
1952,0.0
1002,0.0
3814,0.0
9512,0.0
4887,3.7
10855,0.0
2339,0.0
6092,0.0
464,0.0
1208,0.3
2650,0.49
7785,4.68
11299,2.2
2314,3.51
3147,4.46
6695,0.11
11795,4.24
1273,5.76
2590,2.45
9888,4.95
6263,0.0
3337,0.59
6678,5.31
1518,0.22
5952,0.55
39,0.62
2725,1.47
1402,0.0
10546,1.35
10687,0.5
9774,0.34
252,0.0
9462,1.95
8185,3.62
9188,3.24
1257,3.84
112,1.22
12940,2.92
3834,0.0
12689,3.23
10144,2.69
8110,0.0
7595,2.59
10650,0.0
12001,0.0
5739,1.06
8400,3.38
9689,0.2
5383,0.0
5043,0.26
5395,0.0
1768,0.0
11881,0.25
5003,0.12
1073,0.0
12548,0.19
3655,5.0
3390,0.65
8932,0.34
3125,3.72
7950,0.0
10938,0.0
7125,0.62
11127,0.06
5345,3.97
909,1.2
684,4.47
301,0.0
1544,2.27
4288,1.87
5548,0.0
1251,1.06
3064,3.66
1113,4.72
6210,5.09
6594,5.26
11645,0.52
2637,0.31
5353,4.27
6600,3.22
5199,6.29
12563,5.0
1474,3.16
6361,0.0
3614,1.14
6768,1.31
10697,5.72
1748,0.0
3869,5.53
1225,6.31
11689,0.41
12782,6.09
334,0.0
1625,0.0
7418,1.27
6080,0.51
3745,1.39
5092,2.61
6168,4.74
12804,1.14
11796,4.23
1367,1.24
5909,5.2
12808,4.99
9388,1.8
12365,1.44
11775,0.76
2888,5.25
11727,4.96
761,1.02
7381,2.49
11638,5.24
1532,4.69
8456,0.89
2706,5.18
398,0.0
10038,1.45
4864,0.29
2152,0.48
11562,0.0
5600,0.0
5468,0.0
3128,0.56
11733,5.32
11027,0.0
1984,0.0
5450,0.0
7696,4.44
8461,6.23
2515,2.16
9812,3.02
3913,1.19
2893,6.11
12225,1.79
4266,1.35
11278,0.98
138,4.38
11036,0.0
8317,0.0
8663,0.0
10771,0.0
3911,3.83
2009,4.38
12841,0.32
5228,2.26
8129,3.95
1736,0.0
10381,0.0
5565,0.0
7691,3.17
10134,2.87
381,0.0
787,0.27
11417,5.51
12982,0.75
10290,3.49
10554,1.01
563,0.27
2111,1.43
10632,0.0
842,0.0
5239,1.33
1001,0.0
8475,0.87
8920,2.96
5512,0.0
452,0.0
9869,4.51
10806,0.0
8491,0.43
9846,5.11
3306,1.48
318,0.0
2596,2.97
7315,0.0
9636,3.87
7468,0.0
3572,1.61
458,0.0
8448,0.91
8111,0.0
3313,0.98
9324,1.49
8447,1.03
9752,5.95
10494,1.35
10097,0.0
10184,0.0
9507,3.2
4511,0.0
12839,2.92
5253,3.34
3984,1.72
6058,0.15
11676,0.95
12496,0.82
12593,2.23
3756,0.0
13132,1.08
9488,2.2
1950,0.0
2954,0.57
11261,3.38
16,2.71
1674,0.0
4867,5.65
1078,0.0
3363,0.9
11315,1.83
5207,0.0
459,0.0
4772,0.66
5161,0.66
3819,4.63
2735,4.92
11297,5.28
9180,0.34
6225,0.0
5748,3.8
8230,3.91
1166,4.41
3916,2.54
9437,0.0
13054,5.36
11463,5.88
1392,0.0
3085,3.63
2976,0.16
7573,2.07
2991,2.38
160,0.0
7718,0.68
893,5.8
8072,0.0
7151,1.22
7024,0.0
799,0.0
7394,2.14
11143,1.22
10611,0.77
6861,3.57
10005,4.53
5791,1.51
13098,4.04
115,0.0
3143,5.59
2653,5.38
4485,3.17
2512,2.59
9465,0.91
2338,0.0
2093,0.65
1805,0.0
6740,6.01
1433,1.76
2300,4.44
8904,5.37
6223,0.0
5439,0.0
3002,0.67
6671,0.14
4621,2.85
1226,5.2
12552,2.73
1880,0.0
8949,1.06
7952,0.0
12379,4.89
11830,2.15
6851,4.55
9339,0.0
9249,0.0
534,5.57
9287,1.72
1148,0.15
6004,0.0
12457,5.72
8031,6.26
768,1.34
1456,2.4
1542,6.3
515,0.0
6757,0.11
11762,0.26
2239,0.0
811,6.3
7657,0.0
10725,0.0
13044,4.15
5914,1.94
10190,0.35
8686,0.0
3084,4.01
136,4.93
7366,3.5
12709,3.53
7269,0.0
4764,0.41
2917,5.66
520,0.0
5230,1.64
4306,5.03
10648,0.0
4919,1.29
7341,0.0
7548,2.1
7667,4.35
10297,0.0
2895,4.79
7405,2.17
6536,0.55
9129,0.0
4183,1.79
11511,2.51
10844,0.0
9861,0.71
3993,2.04
9010,6.27
3347,1.39
10198,0.0
2790,5.29
3876,0.0
3145,4.85
143,0.0
11434,3.96
3521,3.21
1157,0.58
7433,0.0
12245,1.03
208,3.27
10429,0.11
9132,0.0
11527,6.25
7656,1.41
12874,3.88
6427,0.7
11305,1.68
2006,1.73
6657,4.65
12182,6.05
5573,0.0
9384,5.31
1944,0.0
6830,1.81
7600,1.06
8391,1.78
9337,0.0
1988,0.0
6273,0.0
7938,0.0
358,0.0
8704,3.96
12960,4.19
5964,6.26
1803,0.0
4645,0.95
3820,4.43
5582,0.0
12206,0.79
9108,0.0
4469,1.31
10445,0.24
12535,0.0
4717,0.08
4101,0.0
3484,0.25
3235,0.3
2930,0.99
4991,0.0
11253,1.57
3585,1.83
9809,0.59
12139,0.37
11635,3.53
5417,0.0
8287,0.0
2705,0.61
3048,3.84
253,0.0
9134,0.0
4073,4.87
11507,3.66
780,5.86
9397,4.15
6748,2.55
9769,1.11
13014,0.39
8823,5.52
13028,4.58
12439,1.64
262,0.0
11008,0.95
1121,0.31
8918,0.34
11251,2.07
3782,0.0
574,0.74
6828,4.02
8576,0.53
4371,2.2
7108,0.75
9719,1.34
3446,2.73
9381,0.73
5304,1.24
12429,5.01
9668,5.51
8706,0.0
7089,0.2
5713,4.49
12295,0.42
3014,2.16
5351,0.19
10705,4.34
10377,0.0
10327,1.0
2615,0.32
5073,0.16
629,0.7
7672,5.61
3855,0.0
8816,0.59
6492,0.0
9575,3.35
12813,4.97
10264,0.0
3201,1.8
9686,1.19
1949,0.0
906,3.17
2050,1.9
8492,0.25
5745,0.0
13035,1.67
9022,0.78
8117,1.76
6251,0.0
12763,1.02
2633,2.54
1084,0.0
13138,0.62
8345,2.42
6874,5.27
8449,0.79
1942,0.0
13115,1.99
10276,0.0
13130,1.56
10737,0.0
12273,4.01
11157,1.41
12918,3.91
3839,0.0
8393,3.44
9694,4.24
9313,1.23
8085,0.0
6428,0.37
5686,3.54
1041,0.0
11935,1.86
10943,6.3
9360,0.0
6366,0.66
310,0.0
12161,0.32
12573,0.11
6932,0.0
1811,0.0
8813,0.0
7577,0.72
8432,6.14
11807,2.87
9161,4.62
4677,0.33
6402,6.15
716,1.89
5542,0.0
918,1.54
3915,4.61
5338,1.97
4085,0.0
1572,0.0
3289,6.03
67,5.06
2188,0.0
2005,4.27
7873,0.0
1575,0.0
6127,0.0
7521,0.0
9413,0.49
6626,4.22
3671,1.24
1580,1.91
4514,1.47
1034,0.0
7248,0.0
2511,3.64
11206,0.7
872,0.0
3394,2.64
3439,2.19
11849,4.67
2117,1.11
7499,3.24
7068,0.0
1971,0.0
12710,3.27
470,0.0
4489,5.41
7011,0.0
1475,1.39
5144,0.54
610,4.82
5210,1.57
497,0.0
1417,0.0
2115,0.17
1192,6.02
11642,0.38
7851,0.0
5104,4.72
2869,6.15
5397,0.0
10741,0.0
8572,1.34
9403,0.16
6754,2.71
6096,0.37
7996,0.0
1320,3.65
11014,3.88
10269,0.0
9028,5.35
12696,3.37
8061,0.0
9348,0.69
1194,4.07
6958,0.0
5333,0.7
10413,0.0
6082,4.35
12657,0.05
12209,3.95
9951,3.35
9533,0.45
88,5.84
2864,5.46
4184,1.26
6325,2.18
8001,0.0
1027,0.0
11746,0.26
11841,5.23
9399,1.7
8514,2.2
407,0.0
701,3.16
10161,0.34
2253,0.0
4445,0.0
3860,0.0
3146,4.76
12508,0.0
1770,4.5
1595,0.0
4972,0.29
3881,0.0
251,0.0
2603,3.01
8897,3.01
424,0.0
1446,0.5
3263,0.8
4957,0.91
1248,0.43
5475,0.0
6977,0.0
2465,5.02
3366,4.32
6463,5.85
3498,0.25
13060,5.87
5250,0.18
4342,1.92
7923,0.0
4863,1.58
10974,0.0
9104,0.24
9069,0.0
10810,0.0
12980,0.72
10682,2.51
637,5.15
640,1.05
151,0.0
3249,0.82
13145,1.19
10497,2.13
1543,3.24
3909,1.02
9562,0.0
7537,1.75
9601,3.12
12362,0.0
5694,5.88
317,0.0
863,4.63
1891,0.0
6333,0.0
1241,0.44
5178,0.79
12671,0.11
11104,0.04
10467,3.24
8668,0.0
8012,0.0
1370,0.0
3747,5.45
12824,4.77
1219,0.42
33,3.49
8074,0.0
8597,0.37
11547,2.0
2025,0.26
3070,4.05
12186,5.22
11301,0.24
5477,0.0
6025,4.17
3328,1.29
9921,2.39
2541,2.51
1385,1.1
8635,1.9
8314,5.33
8634,2.65
11766,0.49
12992,0.74
9789,6.14
3255,1.11
447,0.0
4894,0.0
8216,0.0
10992,2.4
7180,1.46
8239,0.0
5836,1.09
2480,0.2
12499,0.0
6797,3.09
10957,5.14
10082,0.32
8717,0.0
3403,2.79
1102,0.47
6823,1.21
9750,1.32
6608,1.86
562,0.83
4872,0.91
6585,0.48
13075,1.74
7132,0.38
2007,0.26
2678,0.99
2252,0.0
9528,4.74
5474,0.0
10533,2.31
6268,0.0
2808,0.34
5419,0.0
11110,0.43
969,1.95
12955,3.43
7724,2.18
12249,4.8
4486,2.18
7738,0.0
2451,3.01
10125,0.65
1920,0.0
12700,0.09
3400,0.0
11052,0.0
3043,2.05
4702,0.25
4617,5.59
8595,0.91
10209,2.6
8844,3.41
12600,2.23
9992,0.0
1993,0.0
12107,4.26
5715,3.8
11554,2.1
5470,0.0
6135,0.0
3330,0.52
8013,0.0
11241,0.76
3280,1.49
4134,0.38
10323,4.12
4527,2.94
263,0.0
13117,1.32
5547,0.0
7130,0.52
1527,0.0
12759,0.37
7447,0.0
8417,1.21
5551,0.0
11019,0.0
12131,3.97
12730,3.77
9422,2.84
6667,2.23
1598,5.58
8189,0.0
4613,1.43
4131,3.51
552,0.55
490,0.0
11541,4.95
8070,0.0
1347,0.61
5987,0.0
10728,0.0
3952,1.82
4398,0.69
7049,6.27
7754,0.0
6613,2.78
12220,0.52
9790,3.01
905,4.33
7531,0.0
1663,0.0
2061,1.06
1266,5.08
7227,0.0
3027,2.22
1460,0.69
4881,0.31
6418,1.64
10886,0.0
12544,0.05
7051,3.86
9487,2.25
883,2.56
10523,6.2
8539,1.1
6007,2.36
7044,0.0
10784,0.0
6019,0.0
2760,0.0
1933,0.0
9940,0.0
4529,0.0
6439,2.39
4818,1.83
2235,4.29
6858,4.82
1881,0.0
6309,1.16
10928,0.8
425,0.0
2602,0.29
6833,0.07
9049,0.0
10883,0.94
4766,5.36
11424,5.43
5924,0.86
7224,0.0
11960,2.15
7334,0.67
2740,5.41
11012,1.95
4707,0.62
11298,3.83
3632,2.57
6393,3.18
4587,0.0
6108,5.11
2669,0.48
1220,6.28
2806,4.74
5062,0.49
5223,0.17
3792,0.95
12843,4.63
2824,6.22
1846,0.0
3242,0.48
2632,3.09
9939,0.17
6249,0.0
11715,0.49
9950,3.7
645,4.16
323,0.0
11045,5.73
8598,3.23
5984,0.0
9301,1.64
3849,0.0
5448,0.0
11145,1.01
8776,5.53
4750,0.69
12861,4.69
4064,2.65
3134,0.93
9192,1.66
7404,2.92
4902,1.0
2907,5.11
8003,0.0
4946,3.13
10975,3.11
691,5.1
11105,2.15
3644,3.09
860,0.0
499,0.0
2459,2.66
178,4.63
8748,3.57
4416,0.15
5251,5.04
7969,0.0
9248,0.25
12311,3.18
9267,0.93
261,0.0
2728,1.29
11460,1.49
7318,2.54
12801,5.02
142,1.28
6215,4.82
4650,0.63
5256,1.31
919,1.17
5159,2.16
1945,0.0
4174,4.79
8045,0.0
10829,0.0
5819,0.12
11416,0.09
2221,0.0
5347,2.04
11514,3.37
12673,4.6
6045,0.0
802,2.14
1494,0.45
3827,5.5
10281,0.0
9364,3.22
8534,0.38
4852,2.64
10626,0.0
9587,4.5
13120,3.89
10262,0.0
11785,4.23
5331,0.84
702,2.57
10455,0.26
2475,3.24
6637,2.06
5217,3.02
4201,2.14
7013,0.0
2855,1.43
11542,4.55
9018,1.49
9604,1.2
326,0.0
12413,2.11
4730,4.32
5152,1.06
622,0.51
8395,0.0
2565,2.16
11443,1.66
9933,5.93
9031,0.75
9503,1.28
9884,3.69
170,0.0
4308,2.36
5339,1.85
7099,0.28
3500,2.88
10352,0.81
4094,0.29
7189,2.61
7934,0.0
4832,5.96
7200,3.2
981,0.0
12806,5.07
8407,1.3
12041,4.13
3176,0.9
4497,5.47
12073,4.27
7403,3.26
11636,0.39
9696,1.83
11390,0.05
2423,0.44
10454,0.98
1522,0.0
9106,0.0
2822,1.3
12933,6.21
3989,0.98
11866,0.65
5130,5.74
7009,0.0
7894,2.74
3634,0.43
541,3.88
852,0.0
5709,0.97
2573,0.34
6478,3.47
10475,0.36
12284,3.05
6308,4.43
4357,5.87
10547,1.29
4018,5.54
1825,4.37
11193,1.31
13078,4.54
4215,1.83
1132,0.23
2172,0.0
10434,3.47
1326,0.75
1507,0.0
11900,2.05
12654,3.55
6081,5.11
9390,1.75
7424,0.0
13058,1.17
845,1.71
712,6.02
4586,0.0
12103,0.72
4450,4.85
4616,0.0
12336,0.4
9242,0.0
429,0.0
9432,2.21
9614,3.34
8626,3.69
4995,0.87
1745,0.0
3181,5.38
1497,3.72
3374,1.4
7728,1.41
260,0.0
11907,2.12
8257,0.91
10178,3.99
5942,0.68
422,0.0
3472,2.32
7567,0.0
11032,0.0
3284,1.84
492,0.0
12371,5.47
13089,5.56
2295,0.0
187,4.49
3857,0.0
9495,1.48
9118,0.0
8990,3.51
3040,2.78
10521,0.99
8522,1.21
9660,3.93
12928,4.79
4354,1.34
10980,6.02
4343,1.77
5993,5.13
1114,0.39
9610,0.11
11941,2.38
12935,4.75
10368,0.0
3516,0.84
7556,0.0
3455,0.5
2526,2.39
5176,2.16
9810,5.53
5991,0.0
6787,5.25
8589,0.83
2400,5.41
8131,2.65
9881,0.4
11214,1.69
4499,2.33
1937,0.0
3082,4.91
2363,0.0
10036,4.02
4335,0.0
8842,0.1
9293,1.62
4776,0.58
4205,6.04
3108,3.06
11874,0.25
12042,1.89
9862,0.49
6012,0.0
6855,1.53
4524,1.4
6505,3.18
3790,3.33
9120,0.0
3932,2.55
8284,5.1
4778,4.35
9312,1.33
2793,0.29
6290,0.0
7792,0.0
10871,0.0
13079,3.73
1495,0.12
229,0.0
12312,2.19
9855,2.8
2372,0.0
6743,1.83
8959,3.01
10510,1.51
5352,0.0
12322,2.0
7136,0.35
5644,0.0
7382,1.9
11980,1.52
4356,0.28
4083,2.31
2040,5.83
9276,0.0
3075,5.39
2435,2.67
10251,0.0
9609,0.17
937,3.59
6558,2.06
7001,0.0
3677,0.46
3491,0.25
1501,1.14
5233,0.0
11650,0.5
11687,5.93
10798,0.0
9685,1.33
8208,0.0
12167,3.15
505,0.0
8346,1.04
7856,0.0
9415,0.0
10493,1.71
4593,3.96
7260,0.0
9840,5.47
6229,0.0
5488,0.0
8427,1.06
10453,2.52
9703,5.19
6973,0.0
5198,0.0
10370,2.81
559,3.6
6565,1.89
11634,0.0
6881,0.22
11435,2.19
6089,4.27
6715,2.53
4068,5.56
8350,2.88
6123,0.6
485,0.0
12915,0.76
2380,0.0
12436,0.51
12967,3.46
1249,0.0
10221,0.0
3580,1.47
11858,3.83
9639,1.22
1344,1.54
6399,1.72
2935,0.94
3195,1.07
12066,4.35
11742,0.0
6624,0.59
3920,2.81
10757,0.0
1138,0.0
2831,4.18
5871,1.7
5138,4.14
9502,2.36
3584,5.28
2326,2.7
8662,0.0
9656,0.16
2875,5.79
11050,2.2
4223,1.08
2463,0.21
5883,0.39
12704,3.02
4729,0.06
4423,5.28
6305,0.0
9350,0.0
10163,3.79
10607,1.49
1401,0.41
8869,5.93
1101,5.27
8838,0.1
4782,4.63
3153,1.29
4105,0.0
2236,0.0
6887,0.57
9912,0.0
7429,1.64
4322,2.58
1195,3.45
11409,0.15
941,0.52
1063,0.0
4897,1.6
7917,0.0
10389,0.0
11361,0.41
8996,5.76
11664,0.36
6205,5.15
4582,2.96
3577,3.0
11190,1.98
8950,1.01
12155,3.75
3243,0.41
11186,0.38
7710,1.13
9143,0.38
10277,3.25
12122,2.76
9968,0.35
5695,3.76
907,2.76
5029,3.51
633,3.28
10042,3.02
8096,0.0
9144,0.0
10404,0.0
146,4.83
10942,0.39
7267,0.0
5741,0.6
10683,0.74
217,0.0
6372,1.28
2175,5.27
10469,1.53
7617,0.57
6552,2.54
11131,1.12
2198,0.0
3895,1.81
10722,1.85
13124,1.38
4891,0.32
11312,0.07
1137,0.3
752,0.34
10788,0.0
8740,0.54
5033,2.99
2522,2.01
7005,0.0
8079,0.0
5737,4.13
6389,0.68
10308,0.0
2803,1.29
7588,0.75
9580,2.2
7370,1.44
7643,3.6
4006,5.86
11718,0.92
5435,0.0
9082,0.32
5798,6.31
11699,0.95
352,0.0
6071,0.33
1680,4.02
5314,1.07
11249,2.94
9305,1.34
638,4.45
6760,2.76
10019,3.29
4060,4.34
7302,0.0
1591,0.0
835,1.38
5299,6.2
12026,5.26
3538,1.73
4546,0.0
4791,2.48
10384,3.65
5260,0.0
9026,0.76
6517,0.0
10654,0.0
5164,5.27
4401,1.13
6293,0.0
8249,0.0
5244,2.52
5823,5.26
8357,5.1
6996,0.0
6527,0.0
3848,0.0
9020,5.96
7891,0.0
1371,4.76
6543,0.0
10859,0.0
2313,0.0
5955,1.73
2732,3.75
10944,4.28
10985,2.28
687,3.08
7308,2.19
11083,0.99
2704,1.74
1074,0.0
8871,5.17
7313,0.0
8411,0.57
5179,0.28
6937,0.0
11957,3.92
3774,0.0
11683,5.49
12771,5.87
177,5.22
5824,4.77
6601,2.98
6602,1.89
8705,0.0
382,0.0
5465,0.0
11292,0.41
10267,2.94
5242,5.46
3669,0.5
10468,1.81
1941,0.0
1954,0.0
10633,0.0
391,0.0
10772,0.0
4052,2.39
2168,0.0
279,0.0
4019,5.21
6960,0.0
6920,0.55
6564,3.2
10902,0.96
8580,0.95
3133,3.17
12345,1.14
8120,0.0
5994,1.51
7493,0.0
1953,0.0
12750,1.15
9511,0.71
5344,5.82
3738,2.8
1429,0.0
7987,4.63
7860,5.84
1842,4.96
1183,4.9
3226,0.68
3227,0.36
7688,0.39
3892,0.62
8356,0.0
3826,0.0
8679,0.0
119,3.91
6193,0.0
10783,0.0
10973,0.0
5205,0.65
11007,4.91
8271,0.98
3842,0.0
7155,3.12
4900,1.16
1890,0.0
11831,0.0
2106,0.0
11605,3.83
4141,0.41
8654,0.0
8850,0.71
3463,0.58
9212,1.56
4320,0.86
59,2.48
11574,0.0
3725,0.57
6539,3.19
10418,0.74
7310,1.33
1282,0.43
1866,0.0
7819,0.0
7342,3.06
9298,0.29
10129,1.72
5312,2.14
3755,0.0
448,0.0
8078,0.0
884,2.09
7671,5.64
1615,0.0
593,0.42
8348,0.0
8504,0.54
13091,4.21
6064,0.0
10316,0.0
227,0.0
4662,0.64
4595,3.02
8049,0.0
7425,0.0
2965,2.41
5067,0.37
11311,0.54
2513,2.49
12920,0.73
12636,0.13
10341,0.0
8438,0.91
792,3.51
10589,3.41
6086,3.61
11017,5.57
180,4.36
5520,0.0
9995,3.62
8034,0.0
12648,3.72
7690,0.0
816,1.74
1305,3.34
4806,3.58
1193,4.91
12306,5.77
11056,0.0
4190,0.99
7274,0.0
1871,0.0
1381,0.13
8849,1.1
10581,3.83
10768,0.0
10716,0.0
6738,0.42
1739,1.26
2661,2.23
4008,0.35
9540,1.02
7252,0.0
7027,4.6
483,0.0
6422,5.72
12821,3.12
12640,3.78
8383,1.11
9315,0.27
185,4.93
13097,4.92
737,4.43
5800,4.5
8186,0.0
11239,1.49
12132,3.5
4908,1.36
7111,0.6
7,0.73
5103,5.86
12612,3.86
10346,3.87
13031,0.3
3623,3.9
11357,0.22
4231,3.37
6434,0.73
8301,1.0
2915,0.48
2312,0.0
11864,4.02
12013,1.48
11905,3.18
12549,0.09
10004,0.0
9353,3.64
1369,0.0
10288,5.14
3158,2.06
12849,4.73
3437,3.35
11165,3.22
12465,3.88
6627,3.79
11280,0.37
3373,2.91
10060,1.58
12984,3.72
10662,3.39
9597,0.11
10997,0.0
2065,2.74
9819,1.25
12869,3.17
7660,3.81
3700,5.46
766,1.95
335,0.0
8245,0.0
9232,0.9
7314,0.0
13048,5.73
12764,0.33
3864,0.0
2195,0.0
6052,0.29
7532,0.0
3424,1.73
9154,3.36
10660,0.69
6537,0.19
9483,0.45
977,0.0
10457,3.12
8188,0.0
5832,6.0
3557,2.33
1840,0.0
11969,6.05
1976,0.0
2804,0.23
8675,0.0
6385,5.41
7821,0.0
8758,0.32
11147,0.43
10044,2.5
3941,1.05
7801,3.44
5375,0.55
1274,5.51
8612,3.67
2406,0.55
10126,0.32
4487,0.0
4164,2.02
3565,1.85
7087,0.6
11558,5.06
5332,0.77
8377,2.68
6199,2.99
6773,3.36
6570,1.9
5974,4.49
5195,1.09
13147,2.96
10410,1.67
3215,3.03
1391,0.45
6121,2.69
6195,0.0
10231,1.51
6727,1.76
11837,2.94
12655,3.4
4890,0.94
10953,3.03
9447,0.0
4788,0.45
1568,0.0
3079,2.62
11133,0.82
11685,0.41
10595,2.82
10950,0.41
1862,0.0
307,0.0
349,0.0
10390,0.0
4132,2.96
7348,0.0
4224,0.68
11452,0.92
1297,3.2
3867,0.0
3099,2.46
6237,0.0
400,0.0
456,0.0
10713,5.06
12507,0.96
1750,4.55
5393,0.0
6598,0.16
12216,3.87
2101,5.74
5016,5.08
5241,0.0
7866,3.01
5808,0.19
10570,0.82
5698,1.09
427,0.0
42,0.0
2133,5.87
1793,0.0
6581,5.25
13143,2.24
9864,4.42
8910,0.69
5973,6.07
12289,4.09
7818,0.0
9122,0.0
1851,5.99
113,1.07
7563,1.16
12470,1.54
303,0.0
2288,0.0
12605,4.12
11834,5.08
13042,0.1
1335,0.25
3815,0.0
10520,2.18
5956,0.0
1147,0.44
10176,0.0
4121,0.46
8187,0.0
3487,2.47
11591,1.91
386,0.0
6702,5.88
12961,0.38
3695,0.27
3436,0.0
6742,3.44
1408,2.72
8999,2.43
8077,0.0
8604,0.42
5501,0.0
2178,0.0
10032,2.94
1694,1.24
12338,0.0
7206,2.07
8985,2.74
7336,0.61
6867,3.93
4136,5.14
12802,4.81
4765,0.16
1303,0.0
13064,1.64
2412,0.0
5589,0.0
12656,2.45
5646,0.0
9949,5.15
10037,3.94
6836,4.11
6741,3.93
4500,0.0
6947,0.0
4345,0.0
12741,0.16
11183,0.58
6005,0.0
145,4.95
2944,2.22
1039,0.0
2901,3.95
3801,1.74
108,4.02
957,4.21
5224,0.0
3674,0.23
2535,1.82
5872,1.26
9205,0.63
8445,1.16
1296,3.32
5669,2.82
11194,1.25
12776,6.21
8381,2.28
3808,4.74
9757,3.51
9642,0.79
4614,0.0
6809,0.0
1733,0.0
1150,4.88
12694,4.41
7586,1.16
8075,0.0
6257,0.0
367,0.0
8204,0.0
855,4.75
6623,2.27
5408,0.0
4355,0.58
2810,4.98
6140,4.98
2717,4.31
8992,1.32
6860,4.57
3309,0.78
5281,2.55
1642,0.0
2291,4.68
3358,0.75
11884,2.56
6520,2.48
9392,0.65
2163,0.31
11525,0.0
7648,1.05
11705,0.94
10627,0.0
6918,2.32
12576,5.19
3682,0.37
4160,0.54
3401,4.26
6248,4.74
5085,0.31
5939,2.5
1557,0.0
1533,3.64
7487,4.11
8477,0.2
2749,0.29
1556,0.0
758,2.3
2972,2.06
8124,0.0
9993,4.59
3405,0.6
2151,0.5
9762,3.19
7813,0.0
8337,0.99
12447,1.66
5826,2.19
11680,5.87
2001,3.4
5502,0.0
641,0.73
8830,0.21
4849,0.0
5380,0.0
6467,0.93
3196,1.05
6066,0.31
9126,0.44
11950,0.36
10070,0.0
652,3.8
12222,3.37
124,1.87
7477,2.43
5118,1.46
10514,2.61
387,0.0
11651,0.0
2398,0.0
6857,0.14
5364,2.66
10230,2.63
2769,2.69
4749,3.66
3277,2.68
1260,2.47
6649,4.81
8549,2.76
10484,1.68
11701,6.3
838,0.7
2832,1.83
8632,0.43
410,0.0
6279,4.43
984,0.0
6586,0.0
1179,0.5
9830,2.31
1618,3.61
6927,0.0
4448,0.0
8073,3.78
1383,2.67
9419,4.35
1907,0.0
2714,3.82
9987,5.99
10568,0.67
2833,0.62
11306,0.62
6726,3.12
10034,0.29
2274,0.0
10608,0.95
8038,3.5
8382,1.7
8080,4.02
8729,0.0
9477,5.46
2415,0.0
6718,0.1
7080,0.29
5035,0.21
12472,0.0
3174,2.24
4075,1.83
8403,6.22
6093,5.76
3422,0.0
12352,6.02
13125,1.14
11783,5.83
978,0.0
8769,6.2
10399,1.23
526,0.0
1551,0.0
4211,0.85
6632,0.29
8681,0.0
12533,0.0
9931,0.17
998,0.0
10691,0.0
12040,4.86
1254,0.88
5785,0.51
4175,2.25
8694,0.0
3180,5.42
7701,4.58
9222,3.45
1562,0.0
1819,0.0
1755,0.0
3141,0.94
6381,3.68
3717,3.26
12045,5.2
12175,4.37
12081,1.11
5255,1.79
12498,0.0
5767,4.45
4550,5.19
1306,0.47
3935,3.81
4531,0.0
5945,5.96
6907,1.96
10165,2.49
10923,1.16
5252,3.84
9047,5.27
1523,0.0
9567,1.07
1040,0.0
10826,0.0
5575,0.0
5857,4.26
4429,4.43
7332,1.55
11719,0.24
1854,0.0
11850,4.6
64,0.27
1903,0.0
9735,2.77
1038,0.0
5537,0.0
9269,0.3
4158,1.03
11757,0.73
11284,0.06
5722,0.0
11856,4.94
11819,5.96
4426,1.69
2440,0.17
9720,1.07
1671,2.14
7025,0.0
9937,1.44
11009,0.0
2805,5.4
11323,3.73
12329,4.59
11767,4.32
3986,0.21
12777,6.17
4066,0.6
446,0.0
9871,0.37
2277,0.0
1091,0.0
3943,2.89
4602,3.71
5464,0.0
9347,0.72
12264,1.1
5683,0.0
9626,3.95
7178,1.44
1678,5.77
10750,0.0
1623,0.0
3653,0.46
3458,4.34
10313,2.28
9802,1.4
2143,4.94
2911,5.34
2414,0.0
1070,0.0
12056,2.32
2738,1.12
11724,0.24
6174,4.85
7878,0.0
4831,0.0
4543,1.03
2352,4.04
3508,2.63
11838,0.7
996,0.0
12260,6.26
9663,1.46
1026,0.0
5032,4.4
3558,2.15
362,0.0
4858,5.98
4854,0.57
13070,1.81
10903,0.45
12367,5.31
6845,3.29
11386,4.23
10326,2.95
3433,2.05
7096,0.37
6528,4.25
12946,0.78
435,0.0
312,0.0
6544,4.99
1773,0.0
5472,0.0
10994,3.3
5500,0.0
6614,2.03
4770,5.5
73,2.65
961,0.97
8978,1.89
12164,4.39
2984,2.89
6567,0.0
10486,4.29
11515,2.97
1122,0.16
10450,0.12
12988,0.76
10819,0.0
5135,0.54
9460,2.88
521,0.0
5558,0.0
8143,2.44
3692,4.87
49,2.85
6117,3.29
6050,5.34
10667,0.91
5320,1.57
10085,3.76
5024,5.58
10625,0.0
2492,2.2
4660,0.0
10396,2.97
5559,0.0
11379,5.41
1106,0.08
10359,2.97
5714,4.0
8028,0.0
7907,0.0
9807,2.39
7035,0.0
4811,0.23
3494,2.58
2638,3.11
10,0.0
1800,0.0
8199,0.0
2360,6.09
8093,0.0
1741,0.39
2098,6.15
5925,0.67
5860,0.37
5343,0.0
8401,1.66
927,1.96
7791,0.0
7730,2.25
4070,1.23
8655,0.0
6801,0.08
7058,0.0
1534,2.59
3656,3.97
2758,1.8
1441,0.0
5911,4.82
516,0.0
12848,5.18
12875,3.49
6699,1.6
6793,0.11
5869,2.16
7137,0.51
8336,3.94
3493,4.84
11331,0.72
7564,1.01
5818,0.25
797,0.34
2775,1.6
3476,0.25
11737,0.75
667,2.67
12383,5.99
2222,0.0
5602,0.0
12014,0.0
7352,0.0
134,0.31
7862,3.57
6749,1.87
10860,0.0
2737,2.18
12474,0.0
8888,4.44
5960,3.31
8543,1.52
7545,0.0
4847,0.63
1069,0.0
12963,5.73
10349,3.0
10821,0.0
4781,0.34
4978,1.07
5979,4.36
1676,0.0
169,0.0
2593,1.98
2011,0.5
4974,5.75
11813,5.49
12130,4.11
11044,6.08
10688,0.0
8963,0.78
6395,0.0
6607,2.49
11956,1.33
2353,0.0
6923,0.0
237,0.0
5277,0.36
7421,0.0
12426,3.83
10831,0.0
3061,4.91
12521,0.0
5162,0.55
3115,0.79
11681,0.61
6057,1.02
9673,1.72
3441,0.77
8746,0.55
10527,1.45
11260,0.13
10499,1.54
3402,3.44
11559,4.43
10638,0.0
5391,0.0
1672,0.0
9023,5.46
7989,0.0
9065,1.26
244,0.0
2900,5.42
9744,3.18
2841,4.63
6202,0.0
1252,0.22
7071,0.0
3288,0.81
4307,4.06
10606,1.0
3504,0.48
4506,0.0
3680,0.46
4652,4.85
9103,0.81
11667,5.61
13101,2.05
6919,0.79
6723,0.34
7037,0.0
8083,0.0
1864,0.0
6961,0.0
1230,5.88
11124,0.39
12697,3.33
264,0.0
2634,2.25
12515,1.86
9311,2.44
11999,1.51
1558,0.0
6571,1.68
6508,4.44
5007,0.28
8630,1.09
3731,4.93
2429,2.43
6400,0.7
11839,0.5
1104,3.95
6729,0.35
7609,3.66
5145,0.0
3526,1.28
10246,0.0
12832,3.85
10999,0.0
12266,3.99
7772,0.0
299,0.0
7289,0.0
11490,1.47
7524,1.76
1799,0.0
887,0.94
2879,0.86
12006,0.0
2883,5.19
13141,2.79
5864,0.0
12679,0.08
899,0.87
10651,0.0
12596,5.65
11857,4.79
1330,0.48
10843,0.0
5671,2.08
9030,2.5
5736,4.69
4716,0.51
9133,0.0
1164,5.6
1421,1.06
7265,0.0
8599,1.83
11654,0.18
3650,0.48
11272,0.13
3596,0.66
5025,3.22
12235,0.35
11852,0.0
2484,2.42
6911,0.37
11132,0.97
11803,0.19
6466,1.44
3270,0.84
5041,2.72
3891,4.55
12584,4.5
4862,1.77
11843,4.47
12267,3.13
1100,5.49
9723,0.17
10093,2.66
3073,1.42
4725,0.59
27,1.67
4196,0.98
10321,0.0
10150,1.68
3461,1.33
8613,2.18
11765,0.52
274,0.0
9141,1.75
11156,1.75
1496,5.02
7960,0.0
11751,4.73
8415,4.74
7582,2.48
12213,1.2
13085,3.52
80,4.85
7305,0.0
5624,0.0
12888,6.07
1374,3.18
6795,5.57
8460,0.1
11867,0.33
7833,0.0
1313,2.8
3555,4.95
7261,0.0
12907,5.23
1833,6.29
6634,3.17
1085,0.0
1567,0.0
3269,1.32
10417,4.1
11502,1.43
383,0.0
10791,0.0
12104,0.64
10681,5.99
2608,0.36
11528,5.71
9925,0.0
8922,0.68
11643,0.18
3912,2.87
5676,3.39
3686,0.38
7831,3.32
4133,1.72
5968,6.16
12947,6.14
11046,1.95
11714,5.15
11597,0.0
3957,2.48
11945,4.28
12242,6.21
598,3.57
2230,0.0
8390,3.18
11497,1.63
11467,2.02
3574,1.18
3315,0.68
3055,4.27
8500,2.09
5517,0.0
2848,4.33
2788,0.0
924,5.18
6548,0.35
1191,0.3
10836,0.0
12193,6.25
5710,0.29
374,0.0
12174,0.28
10120,3.52
2537,0.28
584,3.52
803,1.99
2130,4.29
10428,0.81
4759,3.17
13122,1.74
3418,1.12
8457,0.82
12595,0.11
11015,1.05
9768,2.64
3090,5.43
12779,3.67
7362,0.0
5892,4.63
9100,0.65
1055,0.0
8710,0.0
7919,0.0
6933,0.0
10878,0.0
10599,2.16
4669,0.33
9885,3.12
8621,1.73
6430,5.29
13104,4.0
4986,2.94
5749,1.68
12000,0.0
7415,3.83
7887,0.0
12246,0.53
8764,0.42
8182,0.0
6971,0.0
12101,1.21
10932,4.54
11669,0.53
5272,3.02
455,0.0
4035,2.35
11975,1.7
8925,0.0
6625,0.15
7828,0.0
9323,2.32
8594,1.35
7214,0.0
6339,5.96
6185,4.72
11649,0.18
565,3.73
5738,2.97
9718,1.43
11522,0.0
10522,0.48
5098,0.23
6294,0.0
10587,3.84
4403,0.7
3333,1.19
9929,1.71
5040,3.98
647,1.22
11732,0.0
2736,3.04
1922,0.0
11519,5.8
12250,3.49
4691,3.77
6514,2.56
7323,0.0
8169,0.0
291,0.0
2145,0.34
9236,3.72
7517,0.0
12950,1.12
4780,0.58
3816,0.0
1613,0.0
10373,0.7
8144,1.77
7822,0.0
1721,0.0
9799,5.54
7301,0.0
11897,3.94
6591,0.33
9055,3.62
7389,0.0
6426,2.57
11483,0.28
11631,0.59
948,2.37
10822,0.0
5310,5.95
10113,2.62
11739,0.72
8793,2.62
3047,4.16
5792,1.13
10807,0.0
3701,3.31
12695,3.52
3357,0.91
10528,0.29
118,4.23
4878,2.88
7913,0.0
3086,1.88
7956,0.0
9131,0.0
545,4.11
12731,3.53
12885,3.61
5411,0.0
10050,4.89
4591,4.96
7444,0.0
5065,3.03
5632,0.0
11926,3.74
11868,4.87
2017,0.25
10222,3.51
9112,0.0
5404,0.0
4404,0.56
7598,1.91
10244,0.0
2942,3.31
255,0.0
3564,1.92
7279,0.0
8015,0.0
12343,3.27
12424,0.48
1982,0.0
9290,0.28
10841,0.0
7632,1.6
2722,4.1
11833,5.52
501,0.0
6916,0.0
10753,0.0
7259,0.0
10330,0.0
1992,0.0
8894,1.07
1403,0.0
7408,0.66
3696,4.66
1331,0.0
5777,0.0
8899,5.07
12486,0.0
7275,0.0
7551,0.77
9751,0.19
12598,4.12
5775,0.2
12466,2.88
5839,0.42
6262,0.0
10971,5.82
9033,4.76
5285,1.39
3625,0.79
10898,5.97
6387,5.3
7753,3.07
11065,0.19
4674,0.65
9942,4.09
96,3.19
1788,0.0
8069,0.0
6660,2.26
12098,3.01
9725,5.7
4153,0.7
6354,2.92
12323,0.64
3990,0.41
508,0.0
5603,0.0
4943,0.42
4021,0.0
3208,3.33
1,4.83
12559,0.06
6645,1.96
11042,0.94
356,0.0
3752,1.57
1513,0.57
6449,0.77
5776,0.2
8645,0.0
2501,2.16
3127,0.62
4,2.81
28,0.75
3592,0.65
1476,1.16
2962,0.0
1214,0.49
2171,0.0
6352,5.15
8983,5.29
11116,0.02
70,4.56
11505,0.91
12461,5.13
10559,2.13
6259,0.0
5515,0.0
11099,0.57
7202,5.46
12594,0.23
3648,2.04
7090,0.57
8876,3.84
11275,2.43
7807,0.0
10291,2.95
5522,0.0
4432,1.14
11823,3.05
12165,3.74
12137,1.18
2105,0.96
8235,0.0
10275,0.0
8997,4.94
10387,1.17
9303,1.54
7740,0.0
2473,5.22
8459,0.39
9891,0.44
11755,5.41
4624,0.0
12836,5.01
1657,6.07
7689,2.28
5412,0.0
3110,0.86
7194,4.04
2914,0.82
13074,4.12
1581,1.65
9833,0.22
1373,3.25
12793,0.48
9043,5.93
2177,0.0
611,3.36
2307,0.0
3120,0.96
2374,5.77
2384,0.0
6485,2.02
8113,0.0
6245,0.0
11439,4.92
10781,0.0
12441,5.32
1587,0.0
11648,0.34
13119,4.59
6013,0.0
7169,3.17
1969,0.0
8569,0.5
12742,0.1
4166,0.7
11588,0.0
5969,4.62
9969,5.62
9263,0.6
7882,3.0
7843,2.69
8115,3.58
7716,0.62
8684,0.0
2497,2.98
7106,0.25
8902,0.99
8280,6.04
7599,1.76
2336,0.0
1645,6.23
591,3.36
1186,6.17
6868,3.91
439,0.0
4633,0.0
5729,0.94
1015,0.0
6364,2.84
3171,0.24
8005,0.0
5859,1.14
11817,1.0
12333,1.96
8988,0.48
6540,2.28
12908,4.58
10838,0.0
12542,2.14
7534,3.55
6008,1.34
9186,0.32
11545,0.0
12087,1.11
11268,0.63
7700,0.47
1054,0.0
3740,0.76
3457,0.0
200,0.0
2778,5.37
11010,6.28
8812,0.49
7492,0.45
5693,0.0
4010,4.58
3117,4.97
5732,0.29
9801,2.6
10963,5.49
2627,2.43
12609,0.0
3530,1.17
7457,0.0
8375,6.04
3823,0.0
1847,0.0
5618,0.0
10854,0.0
10243,0.0
11125,0.29
2086,3.44
12642,2.01
8323,0.98
4683,0.0
12287,1.21
11670,0.9
12937,0.0
815,2.14
354,0.0
10519,2.65
2004,5.1
6001,0.0
11289,1.66
5906,0.37
451,0.0
8498,0.46
8237,0.96
8048,2.01
10348,3.4
9265,1.56
1813,0.0
3691,0.13
7048,0.0
6862,1.9
5805,0.77
4222,1.24
2953,2.03
12032,1.73
10491,4.79
2184,0.0
7637,0.89
3804,0.0
357,0.0
11763,5.31
5126,1.3
2585,2.1
6035,4.63
12143,4.39
6038,6.06
7482,0.0
707,3.08
7084,0.63
7397,0.0
2609,0.31
6197,0.0
8428,0.73
2709,0.63
10629,0.0
879,1.04
5656,0.0
5091,3.81
11139,0.1
12277,4.57
3566,1.33
13148,2.58
2426,3.24
4125,2.06
2779,3.27
4262,4.16
3252,2.87
2154,0.47
4703,4.23
3693,3.02
4267,5.11
4997,0.0
1058,5.5
9943,2.73
599,2.91
6075,3.86
12975,5.1
6752,5.43
397,0.0
1011,0.0
9704,4.83
13067,5.32
11508,1.91
8678,0.0
2060,4.34
9197,2.03
8209,0.0
9710,0.86
1794,5.0
1850,0.0
5282,2.3
431,0.0
1205,5.26
4256,3.41
1607,0.0
8787,0.21
219,0.0
11546,2.35
8731,0.5
3967,5.53
4880,1.25
9333,2.07
506,0.0
11879,2.27
10122,1.81
10087,2.17
12816,1.2
3379,0.0
5846,3.52
10366,0.0
12192,0.22
8084,0.0
1014,0.0
5128,0.14
2986,2.68
12581,0.0
5958,0.0
5362,4.89
10929,0.76
11720,5.06
10825,0.0
5123,4.18
7755,0.0
8054,0.0
9354,3.32
4015,2.38
10870,0.0
6986,0.0
1839,0.0
10232,0.78
11126,0.08
4684,0.0
8799,0.21
2282,0.0
3754,0.0
4619,4.13
13110,0.34
5131,4.85
4937,5.55
1702,2.95
10130,0.92
1095,0.31
3536,1.88
6642,3.92
673,3.03
7210,0.0
12061,4.51
8547,0.81
9962,0.18
8708,0.0
11453,0.05
12539,0.06
6039,2.31
4569,6.1
7264,0.0
11774,4.01
12945,1.49
2997,0.0
8433,5.53
84,1.67
5385,0.0
11396,0.05
12166,3.68
6944,0.0
10123,1.74
2275,0.0
1261,0.83
4309,1.04
12847,0.28
7544,0.0
12074,4.2
4427,1.44
32,0.0
7629,2.23
7706,0.53
11455,5.53
11754,0.26
3367,2.75
7134,0.28
206,3.94
5441,0.0
8325,0.0
6519,4.24
4536,1.16
256,0.0
11469,0.13
6705,2.0
203,0.0
535,4.37
7508,0.0
10851,0.0
12796,5.18
449,0.0
5013,3.7
6885,0.64
1302,0.44
3922,0.48
9784,6.01
9466,0.59
11744,4.42
5923,0.88
12687,4.8
12142,4.78
6964,0.0
5875,0.22
11600,5.69
10714,0.5
9537,3.61
2030,0.56
7761,0.0
7909,0.0
6131,0.0
12667,4.07
9416,5.98
6047,1.29
1699,0.0
9581,2.13
5267,1.02
10536,5.56
10021,0.39
6786,5.94
10111,0.0
188,3.84
8450,0.38
8176,3.65
5815,1.08
12811,0.39
3991,6.23
12133,2.86
5296,0.19
5001,3.63
1299,0.0
4346,6.22
6255,0.0
6829,3.57
114,0.27
4110,0.0
626,4.88
13008,4.69
11391,5.8
11172,0.57
1651,0.0
6512,0.0
10968,5.24
2578,2.29
4466,6.16
4090,0.29
12369,1.87
5039,0.18
4230,0.74
10257,4.14
3803,0.0
11916,0.33
974,0.0
12151,0.26
8451,0.14
12828,1.16
4835,2.97
11940,3.65
103,1.34
4472,1.39
5290,3.08
2595,0.3
8960,3.0
7359,1.46
4542,1.06
6138,0.4
3783,0.0
8943,5.16
7230,0.0
5553,0.0
2405,0.0
5948,1.45
12568,5.65
11952,4.34
2834,5.8
7110,5.47
10896,0.95
3282,0.9
13011,5.86
7188,2.03
4942,0.61
12385,1.77
4905,4.26
6307,0.0
2204,0.0
7462,4.86
10003,0.36
10379,0.0
706,3.16
5802,2.43
8762,0.11
10188,1.74
11621,0.59
139,4.04
2748,0.31
8410,0.9
5539,0.0
12386,0.35
7142,0.37
8564,1.68
7017,0.0
4789,0.29
3629,0.85
8088,4.17
6304,6.07
2046,3.89
12714,0.12
12543,0.06
3102,5.87
11059,0.89
1935,0.0
3723,2.33
2446,2.06
7870,0.0
8116,3.37
10051,3.9
12297,6.26
10240,0.73
772,3.89
4983,4.59
1409,2.02
7959,0.0
6461,0.0
9435,1.12
10236,3.18
7883,0.0
11611,0.0
2974,1.68
12082,0.0
421,0.0
3719,0.44
11861,4.59
8878,0.39
1253,1.25
9116,0.41
11148,0.33
23,4.71
5762,0.54
2022,1.58
6975,0.0
1481,0.45
2797,0.29
2033,0.88
2652,5.81
10223,2.62
9168,1.62
10487,2.87
5078,3.68
6128,4.82
4964,5.49
2047,1.03
9630,1.32
4168,4.46
10941,0.41
8643,0.0
12068,3.25
2563,2.35
9434,1.58
2846,5.36
370,0.0
8832,4.54
5460,0.0
748,3.8
1071,0.0
7316,0.0
1079,0.0
3865,0.0
5837,0.93
10483,2.08
2551,1.96
2138,0.85
8689,0.0
1529,0.0
5421,0.0
10270,0.0
3167,0.98
10148,0.0
8499,0.26
9361,6.02
5525,0.0
10014,0.91
6382,2.68
12415,3.9
10977,0.48
3473,1.98
7170,0.99
3355,1.33
1236,0.22
5110,0.0
5697,1.17
3703,0.26
10171,1.37
7360,0.0
3384,0.34
12197,0.42
3460,1.46
9910,1.88
2442,3.34
12144,3.92
1105,0.47
4023,2.84
594,0.28
6751,0.04
1822,0.0
5593,0.0
6137,2.72
7204,1.38
5510,0.0
276,0.0
6912,0.0
1200,4.38
11130,1.2
7396,0.92
3430,3.24
8556,2.34
11894,0.34
5346,2.17
8839,6.31
3410,1.77
2298,0.0
9916,2.81
2799,1.36
10035,0.0
2034,4.68
4341,3.78
7820,5.89
10091,0.0
11449,4.07
1378,1.29
9394,6.28
1415,0.3
5286,1.31
6908,0.59
5034,0.56
389,0.0
2134,3.46
5370,3.56
11810,0.02
9627,2.05
512,0.0
940,0.82
1265,0.22
12396,0.43
8243,2.19
11171,0.74
2623,0.29
7262,0.0
3299,1.26
6898,0.0
2233,0.0
3066,1.2
10911,4.73
4796,5.42
10664,0.94
10795,0.0
9536,5.02
9758,2.97
8967,1.78
5532,0.0
848,1.19
58,2.48
12856,3.99
10786,0.0
12644,0.08
2861,1.19
5505,0.0
8481,0.97
1468,2.63
1704,2.04
8213,6.24
9149,1.22
3179,0.23
1747,0.0
7061,0.49
11407,1.49
5724,6.13
12685,0.27
4328,1.95
2798,4.95
4871,1.57
5495,0.0
1951,0.0
5597,0.0
12268,2.05
5180,0.15
7928,0.0
11639,0.55
2364,0.0
834,3.85
564,5.79
2536,1.66
2280,0.0
7962,0.0
4414,1.06
10340,0.0
3853,1.33
430,0.0
4837,1.41
7046,0.0
7286,0.0
6358,3.51
8874,6.11
7379,4.42
6456,0.98
8760,4.4
9302,1.55
9578,2.59
4117,0.32
11358,4.05
8853,2.59
11488,1.94
3089,5.67
7799,4.76
12280,3.01
1878,0.0
7085,0.29
3950,0.39
2166,0.0
12520,0.42
4761,0.22
1171,3.35
9480,1.02
2719,1.4
2058,0.23
12459,1.01
8134,0.0
7276,0.0
9702,5.36
11304,2.74
6103,0.19
4062,0.57
1653,0.0
1711,0.0
8973,1.52
12536,4.51
1609,3.47
1902,0.0
6764,6.03
12179,4.88
7393,3.19
269,0.0
11782,0.53
7380,3.29
3997,5.63
9608,0.43
13118,0.67
2664,6.19
5056,3.5
5604,0.0
8039,0.0
6261,0.0
10504,1.54
11163,0.16
3980,3.16
11771,6.0
2224,0.0
4077,0.0
10761,0.0
8063,0.0
10553,1.41
4551,3.68
2689,1.59
5506,0.0
837,0.89
11808,2.59
10652,0.0
12373,1.63
4734,0.26
8052,0.0
7889,0.0
2422,0.8
6460,0.0
2773,4.05
11069,1.2
3506,3.15
8000,0.0
11987,2.88
1229,6.3
3901,1.66
4611,3.94
11599,6.04
12850,3.81
91,1.66
3069,4.31
8183,0.0
12658,0.05
11517,0.0
1269,5.84
10112,0.0
4100,0.0
12774,1.13
9445,0.31
268,0.0
7470,0.0
3517,0.51
6296,0.0
353,0.0
9672,1.72
4032,0.3
6318,6.25
4146,0.79
3383,0.9
2377,0.0
858,0.35
4248,1.91
9481,0.95
10641,0.0
8334,5.11
7751,0.0
5927,0.47
8817,0.21
12349,0.0
433,0.0
4199,3.76
2388,0.0
9322,2.4
7145,0.9
1110,0.63
500,0.0
101,4.7
7644,2.01
4027,2.27
9692,4.89
1278,0.22
11177,4.79
10727,0.0
149,1.05
6236,0.0
10463,2.61
4636,0.91
6026,2.17
10391,0.0
4686,0.35
2538,0.21
1584,0.0
7770,5.83
12737,4.32
10867,0.0
484,0.0
4885,5.63
4926,5.05
10135,2.69
8123,2.78
5455,0.0
9453,2.05
7339,0.0
491,0.0
12854,5.28
12503,2.06
9543,4.03
2963,3.08
6731,2.65
4541,1.27
9034,2.11
12591,4.29
1763,0.0
12060,4.84
1382,2.71
8234,0.0
5201,2.63
6593,5.35
3287,1.15
12693,0.17
11569,0.0
7448,0.0
10013,3.03
8191,4.03
13136,1.95
3262,1.01
7848,3.18
12381,1.69
812,5.28
11626,0.79
5444,0.0
4950,0.39
12820,4.59
2438,2.42
5196,0.78
9213,1.5
12917,4.96
13013,1.17
911,1.04
12479,2.41
4737,0.55
12148,1.38
9822,5.74
7569,0.0
9903,2.0
7522,1.82
1502,0.94
8660,0.0
6213,0.0
12817,0.43
8362,1.01
8489,1.0
4375,4.66
4904,4.52
11594,3.39
403,0.0
11859,0.65
650,5.36
8600,1.66
2630,0.25
1185,0.08
5631,0.0
207,3.58
733,1.16
1560,0.0
11291,0.56
11716,0.46
1509,2.1
7702,0.95
11360,2.3
7797,0.0
994,0.0
10117,0.98
12691,2.02
2765,0.6
10138,1.32
4123,6.28
3126,2.33
4203,1.29
7911,0.0
6946,0.0
11535,5.55
6530,1.7
3351,0.83
7402,3.4
7580,0.0
172,0.0
9378,1.29
6176,0.0
6313,5.2
7124,0.26
2359,6.18
4623,0.0
9107,0.0
1669,2.79
5443,0.0
7431,1.16
10104,0.32
11804,0.14
9467,5.98
8855,3.61
1267,1.24
2402,2.69
12421,5.45
10054,0.85
13087,1.5
1013,0.0
12083,0.0
11362,0.24
285,0.0
7900,0.0
10462,2.96
4492,1.55
620,2.41
1985,0.0
3156,0.3
6928,0.0
7450,3.73
265,0.0
4063,0.0
212,2.28
4044,2.06
11875,3.91
1006,0.0
7802,2.99
6640,5.21
5658,5.55
9913,5.92
11024,0.0
4287,2.42
8173,0.0
7093,0.43
8807,0.49
10325,3.39
10643,0.0
3773,0.0
2396,0.0
1350,4.62
6926,0.0
3525,1.47
1427,0.0
7552,0.39
8311,5.35
8282,2.12
6099,0.9
230,0.0
6480,0.6
4672,4.8
5640,0.0
9820,0.69
7428,1.83
161,0.0
11496,2.0
3018,0.3
12546,4.12
1835,4.44
8501,1.43
5490,0.0
12970,5.54
2270,3.21
1284,6.01
3339,1.77
4319,0.88
9063,0.99
7890,0.0
12624,5.13
3420,0.0
127,5.7
5898,0.0
8995,0.0
7022,0.0
10856,0.0
4888,2.68
4280,2.73
7195,2.16
4173,0.69
10485,0.64
12094,0.0
5622,0.0
2181,0.0
5341,1.21
2688,4.98
9449,5.21
755,0.0
6020,4.44
3000,2.15
12964,1.46
8467,0.88
1357,0.86
1181,5.52
1679,4.05
6582,3.21
11891,3.57
5021,3.54
3250,0.44
6448,0.98
9379,1.26
12418,3.58
3889,0.0
11902,0.25
2721,6.08
2641,2.28
3953,0.58
8318,0.0
5931,2.08
10109,0.32
7951,0.0
3343,0.85
2837,1.08
12607,2.47
8128,5.2
12255,5.75
762,0.0
4206,6.02
9489,1.7
9956,0.0
10850,0.0
3995,0.19
1430,2.46
9839,0.22
5004,5.8
4329,0.59
2598,2.28
2445,2.33
10195,1.05
5944,0.0
12351,6.12
11392,4.47
2099,1.61
11432,5.5
8295,5.38
11471,5.92
5533,0.0
10755,0.0
5897,0.36
10513,4.29
3879,2.52
11491,2.82
10046,0.84
2755,0.0
8322,4.38
1455,2.49
8159,0.0
654,1.47
12857,3.49
12337,0.0
3847,0.0
202,0.0
1586,0.0
6179,4.67
313,0.0
4111,0.0
1340,3.1
6194,0.0
11033,3.44
4086,6.27
8125,0.0
12882,0.45
8921,1.28
1143,0.55
7976,2.07
10640,0.0
1176,5.51
2592,2.16
5997,0.0
8980,0.72
11549,0.0
8308,0.0
1724,0.0
1698,0.0
5302,2.1
2259,0.0
12232,6.25
11815,4.18
8386,0.0
6687,1.36
12185,5.87
9572,0.32
11678,0.81
10835,0.0
10392,0.0
12291,3.39
1981,0.0
3122,5.79
9011,6.09
6276,0.0
12815,3.32
10169,0.0
12091,3.79
9706,2.62
3285,1.79
4490,4.37
11728,0.97
6356,0.0
993,0.0
9371,0.0
9539,2.03
8512,0.4
1206,4.94
2240,0.0
4284,1.57
10794,0.0
2802,4.88
13,4.48
416,0.0
5637,0.0
5446,0.0
3092,2.9
8802,0.31
1004,0.0
6814,2.09
3364,0.72
3159,1.11
11659,0.33
13090,5.04
2169,0.0
10405,0.0
10020,1.47
910,1.17
5784,1.16
9383,0.0
3896,0.14
8231,3.63
3183,1.6
10945,0.0
12912,4.61
7591,0.0
4843,3.03
12614,2.33
3587,6.0
6945,0.0
12592,3.82
10218,0.75
4069,3.89
7480,0.0
6124,4.21
8873,0.39
9960,1.65
7150,0.63
1436,0.45
6415,5.63
1817,5.29
6605,3.56
2391,5.53
8250,6.06
8628,2.14
5568,0.0
4462,6.27
4676,0.0
9316,0.0
1351,4.35
4106,0.0
2173,0.0
13151,1.46
6282,0.0
7398,0.0
2708,1.4
11429,0.1
12128,0.37
606,2.07
11259,0.14
5689,0.68
2839,5.96
7040,0.0
1308,3.34
8751,3.75
2489,6.01
10181,2.07
1972,0.0
12531,1.37
9842,2.69
3065,3.36
7601,1.02
1666,0.0
173,0.0
11593,3.81
8118,0.0
10981,5.71
10424,0.17
5750,1.66
9165,0.72
5300,5.34
10481,6.28
5046,0.36
12489,4.57
6379,4.29
2335,2.66
2873,0.67
8868,0.0
9304,1.37
7561,1.46
12347,0.59
840,0.36
2835,4.87
8408,1.24
2127,4.17
10544,5.59
8566,1.14
8834,0.31
10192,2.58
6711,1.6
5690,0.31
12688,3.98
4374,0.41
4054,0.0
6510,3.26
4756,3.3
1980,0.0
4061,1.96
9443,2.55
5812,4.56
3787,4.45
2720,0.74
338,0.0
751,1.46
8424,4.64
11038,0.91
12478,2.77
12784,5.2
10211,1.06
7012,0.0
1798,0.0
6863,1.69
4556,1.03
4362,0.14
12999,1.13
11313,4.19
8956,0.69
1967,0.0
1978,0.0
4264,2.72
2018,4.52
618,4.09
179,4.51
3914,0.16
1379,0.95
9788,0.21
6440,2.37
8268,0.0
72,3.72
771,0.27
6821,3.25
11236,0.04
10591,3.64
2921,0.65
12561,5.9
3880,1.72
12252,1.59
6338,0.0
12674,3.79
12239,1.21
6459,3.91
11592,4.6
2386,0.0
10175,0.0
9504,0.74
865,3.35
3561,0.55
7680,0.74
829,0.18
1052,0.0
954,0.0
9174,0.0
12702,3.53
5858,2.94
11792,0.85
9918,0.17
5556,0.0
12577,4.72
3981,0.41
5240,0.33
8633,4.26
6692,2.75
723,2.01
10512,5.19
9980,0.0
9083,0.0
5612,0.0
9442,2.76
12281,1.59
3551,1.74
10342,0.0
12302,1.05
8650,0.0
8631,0.96
12871,0.27
930,1.46
2421,1.28
1077,0.0
2990,0.39
4803,6.07
7241,0.0
3295,0.99
1675,0.0
932,0.52
1037,0.0
5649,0.0
9461,2.41
3389,2.16
9334,1.4
2340,0.0
8027,0.0
6416,4.62
3519,0.0
1012,0.0
7064,0.0
4186,3.5
4412,2.8
11745,0.73
11468,0.25
5315,0.99
4228,1.39
8976,0.95
9492,5.68
9077,3.22
4579,0.0
8154,3.61
4214,2.45
346,0.0
9252,1.66
4914,5.05
3268,1.35
989,0.0
7205,4.97
9458,4.66
9032,5.66
11200,0.04
5237,1.69
10167,1.02
5797,0.0
3968,2.48
11930,0.33
12822,0.96
2232,0.0
2121,0.32
8214,4.81
12890,3.74
10551,3.69
5185,2.84
7839,0.0
8360,3.12
11637,0.0
12319,3.34
10386,2.39
10518,4.82
9073,0.0
4941,1.07
4823,3.94
9342,3.18
8825,0.3
1614,0.0
12993,0.0
856,1.2
2096,1.61
9823,2.52
6163,0.0
8260,4.55
10887,2.06
9078,1.0
11205,1.37
2751,4.6
7555,0.0
4435,5.05
11338,3.54
10461,5.57
9899,6.28
5492,0.0
12391,4.88
2119,3.91
5055,0.17
4119,2.25
6488,5.15
12652,4.52
3643,3.62
104,0.27
10466,6.11
10765,0.0
6303,0.0
10336,3.44
9341,3.42
1319,0.25
1997,0.0
2286,0.0
1535,0.0
2885,0.91
10933,1.64
5759,1.55
9386,4.96
10086,2.23
7015,0.0
10354,0.0
3759,0.0
7322,0.78
9016,0.39
4438,2.7
8831,4.56
9268,0.86
8738,0.11
10016,0.0
6588,3.8
409,0.0
4918,1.91
3799,2.8
2268,0.0
7840,0.0
2838,1.07
5434,0.0
12755,0.31
3416,3.5
1338,3.07
6974,0.0
8870,5.9
6443,3.11
3582,0.81
154,0.0
8065,3.9
4528,1.07
2726,2.5
12578,4.22
4836,2.38
2165,5.49
9772,3.04
12099,2.18
54,0.27
1032,0.0
1312,4.64
10101,2.41
8934,5.76
841,0.0
2961,0.08
5587,0.0
8335,5.01
6784,0.21
1237,0.45
4249,4.74
6534,3.49
8644,0.0
4700,4.14
8097,3.66
12304,0.41
7469,0.0
12558,2.04
5163,0.0
13027,5.19
10492,2.01
11805,4.27
13149,2.17
4539,3.62
9679,4.98
2345,0.0
2555,2.78
10515,1.93
2567,0.26
12380,3.92
4377,1.36
5841,0.0
8954,4.24
10185,5.07
2987,2.48
3129,5.41
406,0.0
10680,0.0
1596,0.0
657,3.85
2200,0.0
3789,3.86
4808,2.16
4661,1.53
6442,4.63
481,0.0
12924,2.87
7812,0.0
10677,4.02
9935,3.71
5966,2.24
2655,0.32
6739,0.22
9755,1.06
12826,4.05
6348,2.02
4519,0.0
6377,1.31
1189,4.28
7317,0.0
4565,0.0
7788,0.0
5212,0.79
300,0.0
12088,0.0
11103,0.08
186,4.82
8551,1.35
6735,4.31
2355,0.0
4889,2.33
3479,3.6
6116,4.94
12063,0.0
3812,1.4
5262,3.2
8582,0.7
2385,0.0
1641,0.0
4533,5.34
316,0.0
3684,0.37
3162,0.28
2054,0.23
10646,0.0
7464,3.71
109,2.27
2010,3.65
2872,3.47
3975,0.21
1463,0.3
12487,0.0
11825,0.0
8584,3.08
3149,0.71
12641,3.2
6679,4.94
8228,0.0
12512,0.0
9190,2.35
9990,1.38
10106,2.38
12310,3.66
1161,4.83
12942,1.09
648,0.73
1092,5.29
12482,1.3
12444,0.94
11533,0.0
1362,4.96
10610,1.51
6864,0.24
5424,0.0
6578,0.34
843,5.81
8754,3.47
5989,3.58
869,0.93
3930,0.67
12884,3.88
11060,0.67
9195,2.97
10675,0.0
6686,2.42
11832,0.0
7344,2.84
12786,1.23
8818,5.32
4367,0.55
11953,3.67
9890,2.11
1411,1.35
4408,1.92
11466,2.49
6744,0.22
1410,2.01
12271,4.15
8875,5.66
245,0.0
10168,1.02
8530,1.14
7273,0.0
5031,0.36
4760,0.57
12327,0.0
12469,1.74
4388,3.41
4161,4.71
2265,0.0
2734,0.81
12357,1.7
6802,4.67
5940,1.27
5225,6.3
6062,3.82
4721,4.3
9534,0.29
8545,1.05
12881,0.83
542,0.48
343,0.0
11276,2.15
2095,3.74
3741,0.64
604,3.56
9739,4.02
309,0.0
2890,3.72
12650,0.13
12125,0.96
3109,1.13
131,2.11
4827,1.43
11151,0.08
1815,0.0
1994,0.0
8431,0.16
1553,0.0
7744,0.0
1482,0.13
4741,0.22
1419,4.87
13040,4.17
9210,2.81
3647,4.59
3998,3.65
5876,6.19
408,0.0
5926,0.61
11158,0.58
8647,0.0
8399,3.5
10250,0.0
4601,4.4
12956,1.48
10363,0.75
3685,3.96
10884,0.0
7147,0.96
3197,0.29
5099,3.81
7723,0.0
2068,4.43
12883,5.41
11187,0.18
6433,1.59
5560,0.0
9880,1.9
2212,0.0
8496,1.01
8258,0.0
921,0.0
2887,6.29
9748,5.1
3871,4.47
1453,0.0
1857,0.0
12723,3.43
1047,0.0
10972,4.53
5398,0.0
12580,0.05
165,0.0
10152,0.89
11777,5.21
10730,0.0
1375,3.14
6697,4.27
12560,0.03
8622,1.45
12553,0.11
9972,1.63
6825,0.07
9189,3.08
12997,4.41
4208,1.82
9475,0.15
11622,0.21
12958,6.13
4637,0.32
8840,3.34
2556,2.41
2910,0.79
8286,0.0
10853,0.0
11254,0.94
8178,3.22
11295,0.21
10742,0.0
12739,3.52
1115,0.0
5141,2.26
8912,4.09
1975,0.0
5276,0.66
2389,0.0
6165,0.0
11300,1.35
11802,2.96
4241,1.78
8947,5.3
3054,4.74
399,0.0
5088,2.76
4389,1.47
608,0.46
6413,0.71
3576,3.06
9000,0.0
3715,0.29
17,2.03
1404,0.0
5879,1.05
4973,0.0
2743,1.51
5581,0.0
7101,4.74
5540,0.0
7368,2.31
8714,0.0
8472,1.26
5479,0.0
4274,2.62
11698,0.36
12463,1.55
5521,0.0
7725,1.38
1243,0.0
2542,2.21
6486,0.0
8690,0.0
1540,0.0
10557,4.55
6125,2.56
2566,0.34
3542,2.73
12921,0.0
8523,1.18
8468,0.43
11578,0.0
5132,4.77
4000,0.97
6547,1.6
5583,0.0
11812,6.19
8126,0.0
2319,0.0
12684,1.77
4370,3.59
886,1.6
6876,3.79
1215,6.25
9138,3.61
7053,1.86
3609,4.39
9841,5.07
11977,4.67
9187,0.0
2469,2.09
11114,0.2
3675,0.72
3231,1.67
10307,0.0
3646,0.0
4554,1.65
5937,5.36
2140,5.26
12733,2.58
7636,3.28
13018,5.23
12217,3.0
7153,1.12
211,2.9
2349,0.0
10006,3.35
7998,0.0
12842,5.06
9878,3.67
3507,3.11
11246,0.22
8265,0.0
2297,0.0
3570,2.1
1906,0.0
7954,0.0
2685,1.73
9446,0.3
2273,0.0
3843,4.46
3509,2.29
3905,1.57
1201,0.22
9549,5.24
4332,2.61
11968,0.0
6283,4.58
662,0.76
9125,0.78
9216,3.39
6226,0.0
6207,4.57
1099,0.08
5342,0.0
5954,3.2
10873,0.0
2677,1.88
532,0.53
8998,3.75
9579,2.53
6792,0.15
2470,2.02
4049,0.6
6113,3.09
11499,1.06
2170,0.0
10031,3.11
4768,0.51
1827,3.26
8002,0.0
12840,0.95
4474,6.13
6750,0.46
4088,3.42
7152,0.64
8180,0.0
2220,0.0
13123,1.55
7442,0.96
10441,0.3
2622,0.37
7036,0.0
4666,0.0
725,0.54
9096,3.27
7971,0.0
11572,0.0
2518,2.93
10173,0.81
7014,0.74
10331,0.0
3662,0.47
2448,0.2
12746,1.18
8965,2.56
8127,0.0
9699,0.82
745,0.0
2882,5.3
6136,4.42
7097,0.22
12944,3.92
6865,0.15
1872,0.0
7083,5.87
13025,0.27
4004,4.91
12626,4.07
3746,0.33
10272,0.0
12100,1.45
6832,0.21
6574,4.53
3130,4.38
11608,0.0
12775,0.33
11450,3.89
12540,6.12
11146,0.92
7337,0.0
8490,0.82
7213,0.0
2618,2.69
7363,0.0
5263,1.56
8843,6.23
1111,0.08
10904,0.88
3898,1.21
10191,0.0
9243,2.34
10804,0.0
8276,2.35
8742,4.42
557,0.67
2289,0.0
11707,5.65
12728,0.11
8827,5.75
5023,0.29
8364,3.2
3105,1.24
11414,1.56
10792,0.0
13062,4.42
8979,1.68
11735,0.0
5324,0.34
2202,0.0
14,4.46
1845,0.0
2207,0.0
7476,3.29
11693,0.19
11548,0.0
5625,0.0
8945,1.01
1051,0.0
8289,5.06
12501,2.32
6755,1.65
12212,2.18
11753,0.49
12990,5.79
8820,0.49
7270,0.0
12370,0.42
11700,0.54
7549,1.18
1228,0.4
11179,2.25
10334,4.29
8784,4.9
7929,0.0
1958,0.0
11567,0.0
10712,0.0
6980,0.41
2045,0.63
4930,1.34
12037,1.81
11001,1.78
6717,0.38
2856,0.8
5080,0.57
6693,1.41
7602,0.0
11337,0.12
7921,0.0
11048,0.0
13146,5.92
2687,6.02
898,1.01
10314,0.54
11067,0.03
7258,0.0
5361,5.98
613,1.95
785,1.0
4219,2.99
2229,0.0
11493,3.04
7845,0.0
1187,6.16
5423,0.0
10098,0.0
9408,4.23
1939,0.0
1778,0.0
10179,2.92
897,1.21
11,5.49
394,0.0
2144,1.14
11281,0.36
2903,0.94
3068,4.36
10000,2.58
2118,0.67
3673,0.86
10220,0.71
12633,3.85
9117,0.0
11244,0.33
7720,5.44
8558,1.46
5679,0.93
1036,0.0
9400,1.46
882,0.0
1932,0.0
6306,0.0
7737,4.18
9654,0.93
11845,0.71
4687,0.33
10857,0.0
3083,4.61
8680,0.0
7925,0.0
1133,0.08
1519,0.0
5219,2.08
12172,0.77
2660,4.48
5907,0.31
5381,0.0
9561,1.48
7550,0.86
12480,1.87
2281,0.0
1154,6.07
10759,0.0
1896,0.0
12023,0.77
11888,0.28
8112,0.0
4235,1.88
3505,0.0
9783,0.41
3261,1.09
3515,2.17
9821,5.76
913,0.42
11068,0.0
3528,3.26
11028,0.0
2777,0.3
6021,2.14
6561,0.0
3443,0.0
10158,1.54
9215,0.0
3362,1.27
2261,0.0
2189,0.0
7138,0.28
12873,5.18
12262,3.21
5781,3.91
3423,4.4
775,3.19
5114,5.05
3770,0.0
2825,5.84
11779,3.06
4753,0.4
11043,0.0
12800,5.19
10978,0.46
5778,6.11
3004,0.0
8601,1.08
6278,4.56
10900,0.0
10319,0.0
437,0.0
12270,0.58
6170,0.0
10415,0.0
6557,2.74
11982,2.21
2949,3.0
904,4.93
9510,1.22
7460,0.0
1830,0.0
2852,5.27
7463,4.28
10845,0.0
2462,1.81
12490,2.53
3241,0.85
682,0.96
11181,1.91
5321,1.38
3253,2.02
5757,4.9
9963,0.17
9647,4.23
5961,2.21
8166,0.0
137,4.6
6733,0.52
11972,0.76
7167,3.39
9893,5.71
3245,3.15
12617,4.36
5149,2.29
6511,0.41
784,1.25
3771,0.0
9728,1.79
13032,5.61
12005,0.0
2246,0.0
8939,5.47
1173,0.5
10718,1.03
6673,5.11
2979,2.32
290,0.0
9490,1.15
273,0.0
5916,0.69
2796,1.09
6780,4.96
4658,0.32
3539,0.52
809,0.0
10318,0.0
2031,4.77
2299,4.6
9377,2.51
2783,0.0
2969,0.4
9659,4.08
3298,1.58
11908,0.44
8324,0.0
6311,0.28
144,5.89
6320,3.19
8955,3.28
1311,0.68
8465,1.08
3378,0.35
7984,0.0
8259,4.78
6709,4.47
9532,1.86
8641,3.69
3615,0.4
8413,0.19
10076,0.0
4482,1.45
8596,0.7
5134,1.57
12770,6.29
8389,3.49
5881,0.68
4084,0.29
413,0.0
6016,1.15
11513,0.0
4444,2.08
11340,1.65
5523,0.0
5971,0.0
3036,2.16
9967,0.37
10720,0.0
1155,5.62
4026,5.34
2616,0.29
2648,2.34
960,1.42
3606,3.04
472,0.0
8366,0.0
9485,6.21
2558,2.26
7378,5.56
9603,2.51
8020,0.0
9428,5.89
7692,0.41
8611,0.35
8352,1.67
390,0.0
9472,2.82
13046,1.25
901,0.36
4634,0.9
8698,0.0
7063,0.3
10593,2.76
1514,0.56
11598,0.0
10808,0.0
3232,1.63
12097,3.13
11531,0.0
7094,0.34
7619,4.79
2063,5.91
11382,1.44
710,0.91
3863,0.0
8964,0.0
5415,0.0
5258,0.56
12008,2.89
596,4.91
4128,0.61
3131,3.94
10609,5.97
7546,2.47
4234,1.99
11717,4.88
3712,5.34
2472,0.19
3709,0.27
8824,3.78
9787,0.64
9079,0.32
11750,0.0
9826,0.32
11912,3.33
5854,4.84
2766,0.0
2407,0.4
10084,0.0
4157,2.1
10862,0.0
3220,0.21
9273,1.81
7708,2.25
10312,2.45
1738,3.97
12876,0.73
3199,5.73
4826,2.61
8042,0.0
1855,0.0
4251,2.82
11370,2.11
11665,0.17
10961,0.0
4977,1.7
8674,0.0
10116,1.09
7047,0.0
9051,3.16
9859,4.93
8164,4.4
11829,3.35
1459,1.49
8135,3.5
5226,3.5
9857,0.61
10769,0.0
11089,0.22
4386,0.54
7033,0.36
6783,1.3
6455,1.03
9331,3.24
2347,0.0
3496,1.43
1668,3.93
11992,4.11
6934,0.0
7114,0.59
286,0.0
4103,0.0
857,0.63
3278,1.6
8790,0.2
7693,6.06
2807,1.02
7506,0.0
11553,2.26
12493,1.56
2069,1.86
8032,0.0
10564,0.47
2028,0.66
2301,3.64
11947,3.41
7714,5.59
10736,0.0
1140,4.97
11402,0.05
11970,3.45
6995,0.0
6324,5.22
12425,5.38
6706,0.32
2657,1.8
1009,0.0
8056,0.0
2258,0.0
4373,1.41
1732,0.0
7445,0.0
7853,5.04
1516,0.33
10301,3.78
4951,0.0
8553,0.86
0,5.19
6523,4.94
10041,0.0
4058,0.28
2196,0.0
6177,0.0
2604,2.48
9084,2.8
9241,1.05
10447,2.64
7709,2.13
7353,0.0
9425,0.96
4089,0.31
11532,0.0
9621,0.14
11871,3.96
5325,0.0
3768,0.0
1765,0.0
4433,0.94
3531,0.26
2857,5.83
5901,4.44
7390,4.72
4240,2.09
7367,3.07
5788,0.26
9701,0.22
7023,0.0
2417,0.0
9159,0.0
8774,0.7
12545,5.97
1363,3.78
12797,3.71
6962,0.0
8778,0.5
6807,1.39
3031,0.42
13150,1.67
1008,0.0
372,0.0
9866,0.72
10124,0.67
8101,0.0
10738,0.0
9207,0.0
1930,0.0
12766,5.61
7912,0.0
8951,3.93
995,0.0
11095,1.63
7910,0.0
1333,3.87
2366,0.0
1425,0.59
13005,4.34
7837,4.75
5150,1.94
9319,3.81
116,0.0
5856,4.53
342,0.0
3633,1.24
163,0.0
12622,0.11
13061,5.16
8330,0.0
6636,2.45
6085,5.38
7349,0.0
4822,5.19
7509,0.0
4810,0.89
7503,1.1
6778,6.24
8368,0.0
1492,1.06
5896,0.54
11965,0.0
3883,0.0
392,0.0
9017,5.19
2813,0.39
7908,0.0
2575,2.82
5659,2.11
6535,1.03
7225,0.0
7032,0.41
1108,6.23
4671,0.0
10618,5.95
2744,0.0
9688,0.81
5456,0.0
6272,3.84
2248,0.0
11679,0.0
6094,3.2
12831,4.45
2981,1.75
7892,4.15
4057,0.3
4786,4.03
11072,0.57
336,0.0
5139,4.09
6206,4.83
880,0.47
3837,3.36
3821,4.29
1349,0.0
9541,0.91
2994,1.56
11287,1.73
7902,0.0
8302,0.0
1443,2.22
514,0.0
1943,4.58
12208,5.31
2136,0.17
10146,0.67
213,0.89
3322,1.06
8294,0.0
12036,4.26
8196,0.0
9738,5.58
11474,2.86
1107,6.29
6545,3.19
462,0.0
9368,2.52
1656,6.12
3023,1.66
3429,0.0
4892,0.3
8248,0.0
9244,1.47
7993,0.0
966,4.56
10746,0.0
3016,1.64
2916,5.81
4263,2.93
964,0.0
6846,1.65
11419,4.16
11345,1.76
2843,1.55
1304,3.59
9698,0.98
12712,2.35
4944,4.91
12795,5.38
4378,1.23
243,0.0
7459,0.0
4875,5.88
10743,0.0
9042,0.0
2507,2.32
6343,0.0
5929,4.74
11330,2.22
13096,6.17
333,0.0
8320,5.23
5307,0.18
1420,3.22
8493,1.99
5726,3.24
12090,4.33
7650,5.51
10048,0.0
2227,0.0
1301,3.0
3850,0.0
2284,4.94
4325,4.21
6347,3.9
1635,0.0
3135,0.65
4793,0.31
6936,0.0
1834,5.35
2027,1.52
3973,3.23
1271,0.41
12102,0.88
753,0.0
5246,0.87
6498,2.48
2155,0.33
9251,1.72
1998,0.0
8966,2.39
9675,1.14
2323,4.32
10965,2.75
218,0.0
12666,4.73
4955,3.44
5071,2.81
3164,5.73
3413,1.12
5037,3.04
11451,2.04
3544,1.81
2676,3.65
11339,3.01
167,0.0
1700,0.0
12403,5.46
5403,0.0
234,0.0
9199,0.96
4244,3.03
7922,0.0
6429,5.35
11202,2.61
4107,0.0
2269,0.0
5667,5.45
7649,1.0
10571,3.07
1536,0.0
1761,0.0
3440,2.12
3478,0.0
1400,0.44
12456,1.01
931,0.78
11174,0.42
2547,2.72
12867,5.03
10299,5.01
5813,4.23
5376,0.0
8349,3.46
3734,0.89
5557,0.0
1075,0.0
2617,3.04
1086,0.0
3940,3.17
13036,0.25
3136,5.25
12926,0.36
12177,0.96
4525,6.2
12095,4.09
7796,0.0
12059,5.5
11322,0.21
8722,2.14
12603,4.89
10979,6.18
8858,6.28
9517,1.55
12846,0.92
1279,0.21
5705,2.58
4257,3.32
11920,2.84
7707,4.23
2928,5.65
2884,3.81
5074,3.05
3445,3.08
4846,1.12
3452,2.01
8497,0.96
7401,0.0
5050,0.39
12725,2.85
3234,0.35
12438,3.47
11566,0.0
11506,0.68
8212,0.0
2434,3.06
11465,5.08
1062,0.0
12321,2.56
7655,2.83
10764,0.0
6151,4.59
8405,5.6
1025,0.0
1190,0.57
12160,1.03
10431,3.32
2500,2.2
3945,0.9
1546,0.0
2695,4.17
4783,2.81
9500,3.26
10927,6.07
3348,1.33
13016,1.19
6939,0.0
2525,3.48
2193,0.0
7823,4.91
958,3.91
4589,0.0
11320,1.87
2376,0.0
764,6.29
10472,1.93
3569,2.85
2850,0.61
878,1.26
4948,1.29
5959,0.0
10028,0.28
4787,3.11
7669,1.01
2845,5.89
9401,1.15
5524,0.0
12727,0.13
4939,1.14
10842,0.0
3193,1.41
7149,1.02
12237,2.55
7758,0.0
10584,1.08
4999,0.51
9423,1.62
796,0.61
12224,2.96
12736,5.33
7694,1.66
12858,0.99
9994,4.53
12374,0.36
4879,2.31
4592,4.77
6664,5.81
4465,1.24
2150,4.24
773,3.73
4368,0.0
12430,2.74
259,0.0
4376,3.07
1300,4.63
7026,5.05
5567,0.0
9418,5.6
11617,5.56
6982,0.0
7135,0.94
5165,3.32
3961,6.23
6612,5.48
292,0.0
2262,5.63
12927,6.15
8025,0.0
1991,0.0
10508,2.27
4968,0.93
1624,0.0
6812,3.9
2228,0.0
7478,1.88
1643,0.0
11629,0.62
5514,0.0
8434,4.63
1716,0.9
5685,5.03
11118,2.72
6765,5.35
5550,0.0
4626,1.23
11264,1.94
6266,0.0
7814,0.0
2959,2.54
7154,0.53
5528,0.0
4745,0.3
9722,0.33
9288,1.7
10703,0.0
8699,0.0
11974,3.14
1175,5.67
11473,5.15
1046,0.0
7059,0.0
3165,3.4
12263,2.32
6782,2.52
7739,0.0
3649,1.37
3451,3.52
7815,5.09
11769,0.51
10952,4.4
2544,1.88
3999,2.86
1977,0.0
1292,6.04
9985,0.35
4440,0.32
6300,0.0
8030,0.0
12234,1.21
35,3.13
8537,1.47
11199,0.12
1638,3.09
8862,6.28
5155,5.28
4363,3.88
11169,1.43
11290,0.67
11641,4.55
5863,0.22
8142,3.31
7771,0.0
6201,0.0
4339,1.82
9294,1.24
6931,0.0
6288,0.0
8206,3.86
1094,0.32
9905,0.16
2950,2.83
6894,0.57
8765,0.11
7471,0.0
655,0.62
2052,5.83
11475,2.28
22,0.0
1341,2.34
6452,4.78
2710,3.48
3948,2.41
5407,0.0
2350,0.0
2899,6.09
3212,0.45
12900,3.75
12925,0.37
9717,2.42
6720,2.93
2304,0.0
1380,0.13
7557,0.0
12936,0.72
2612,2.69
3486,2.93
6725,3.84
9860,4.35
6394,0.35
7747,4.61
7597,2.02
1908,0.0
5790,3.86
2343,4.14
5154,0.0
3766,0.0
9352,4.26
6314,3.29
3392,0.0
3456,0.26
3878,2.83
813,4.74
11725,0.0
5019,0.31
3760,0.0
8525,0.82
2329,0.0
12564,4.12
1250,6.06
10174,0.73
11702,0.48
7596,2.19
5874,0.28
1853,0.0
6181,0.0
9470,4.28
1329,3.44
12852,0.9
5197,0.0
7712,1.77
7081,0.0
7863,3.15
9955,0.0
8800,4.89
9800,2.81
2971,2.12
1448,0.3
7852,5.93
6217,0.0
12866,6.15
9,0.0
11022,5.47
8358,4.66
7875,0.0
7298,0.0
7277,0.0
4042,5.63
6879,1.18
1407,3.16
10877,0.0
6437,4.79
3447,2.36
2403,0.0
672,3.5
13023,4.27
7374,0.0
9999,4.74
5662,0.17
6890,0.0
10426,4.1
6596,2.35
10910,0.43
5801,4.09
7790,4.0
1740,0.9
7776,0.0
3095,0.45
844,5.26
12631,4.61
9336,1.0
10619,5.81
10464,2.23
5509,0.0
5903,1.83
4431,1.76
5888,0.88
8092,0.0
6837,3.13
8316,0.0
12382,0.52
5752,1.31
6554,0.35
10937,1.22
184,0.0
2418,5.05
9730,1.44
4853,2.07
6826,4.61
7608,0.54
8419,0.69
2774,2.52
4870,1.73
6680,2.42
9674,1.39
3933,0.65
3830,3.03
7670,0.0
6087,0.67
5526,0.0
5396,0.0
10324,4.0
9997,0.19
4577,0.0
9444,2.13
11494,2.25
2701,1.39
4980,0.64
8786,0.49
6745,0.18
6227,0.0
1413,0.43
6473,0.61
6106,0.38
6316,0.28
6732,1.61
13099,3.44
5115,3.24
12834,1.02
9045,0.33
11495,2.08
1388,0.58
11458,4.55
11840,5.7
9308,6.11
11336,0.23
9529,2.88
5817,0.64
6156,4.85
3660,2.54
3882,0.0
10320,0.0
6803,4.59
7726,6.04
10704,0.0
3293,1.42
2383,2.81
6122,0.63
9412,1.11
11563,6.24
7663,4.9
2763,2.62
5687,2.03
7176,1.21
9245,1.09
3777,1.85
10065,3.4
4845,1.41
1610,2.62
12506,1.07
9464,1.45
6684,5.1
2103,0.34
3541,2.81
5606,0.0
8703,4.15
2982,0.71
2450,4.65
6153,0.0
3191,5.23
10245,0.0
3761,0.0
1172,0.53
11383,0.34
8657,0.0
3182,2.24
6618,0.29
4304,2.07
11602,2.02
6503,5.25
11489,2.01
6203,0.0
11149,0.3
631,4.84
890,0.45
411,0.0
1021,0.0
10919,0.8
2643,0.52
3832,0.0
6981,0.36
11561,1.97
5672,1.02
11369,3.83
873,5.25
9607,0.63
6703,4.2
6098,2.64
3706,5.09
6922,0.0
11590,2.59
11074,0.51
8924,0.68
10733,0.0
7859,6.15
2792,0.7
1289,4.48
2369,0.0
4631,0.0
102,3.18
9798,0.32
12634,3.69
11395,0.1
12717,3.13
6984,0.0
6323,0.0
7440,1.52
7991,0.0
1688,0.0
10500,0.09
894,4.83
9114,1.07
12388,4.26
6180,0.0
11016,0.0
11571,4.33
1914,0.0
11238,1.59
11730,4.9
9214,0.62
8608,1.21
4706,4.56
4156,3.15
6444,1.0
4549,0.0
9598,0.07
9979,0.37
8895,5.88
7112,0.34
9957,5.67
746,6.1
7073,4.23
1986,0.0
9568,0.9
6767,2.23
9887,0.0
11404,6.11
385,0.0
12623,0.05
3349,1.06
4236,1.83
1377,1.35
847,1.28
13116,1.36
3077,4.36
4868,3.54
12872,6.02
7479,1.78
9375,3.6
2157,4.13
11121,0.9
9211,2.75
6849,0.07
419,0.0
7173,3.15
1022,0.0
9959,3.31
6639,0.0
3481,1.97
2148,0.0
11749,0.49
8739,2.42
8291,4.19
11794,5.54
10776,0.0
11006,0.0
7306,2.84
3620,3.14
4484,5.71
3658,0.0
4285,6.22
1207,0.49
531,2.93
7456,0.0
3776,3.05
337,0.0
9142,0.55
2174,0.0
12276,0.8
3067,0.36
10715,0.28
9690,0.13
6579,0.0
11418,4.37
9637,3.06
7982,0.0
8130,3.5
10100,2.55
1491,1.12
2868,0.85
7373,0.0
6603,0.16
9521,5.27
11384,0.2
122,3.22
12106,0.29
5773,0.82
5953,3.98
11031,0.0
13037,5.64
5,2.15
10901,5.83
4468,3.7
11098,0.85
4821,5.47
11078,0.09
10717,4.48
10702,1.38
8777,1.94
5081,0.16
13056,4.58
9072,0.63
10107,1.68
12855,4.69
11472,5.87
13051,3.88
9469,4.76
1644,0.0
576,5.2
3917,0.75
9984,1.19
8303,0.0
4261,4.65
12807,5.06
11995,0.0
2853,5.19
7075,1.82
11846,0.37
697,0.78
6955,0.0
5608,0.0
5481,0.0
12431,1.39
859,0.33
11918,4.39
10678,1.65
635,0.67
9429,5.77
4738,0.25
1465,0.0
10009,0.18
7119,0.99
10740,0.0
3518,0.49
575,0.49
5363,2.96
8535,2.58
11653,4.99
8716,0.0
9356,1.02
4512,2.72
3621,0.78
9944,1.68
10590,0.99
1520,6.04
5084,2.75
4167,0.53
3560,1.29
8019,0.0
9478,4.0
11058,0.97
10582,0.98
85,0.55
7078,0.59
5949,1.31
5045,3.05
7604,0.0
11335,1.32
5463,0.0
3589,0.99
11029,2.6
11061,0.62
12428,0.29
2483,2.49
11770,0.49
1578,3.45
5200,4.01
487,0.0
11462,0.04
10252,0.0
5190,0.0
6230,4.75
10762,0.0
9426,0.62
4665,0.65
530,2.97
1096,5.86
6330,5.26
6271,0.0
10228,0.0
12363,4.45
6491,0.22
7190,5.58
3742,5.66
3897,2.79
5498,0.0
1921,0.0
